"case","n","p","replication","seed","h_summary","mst_max_abs_diff","mst_mean_edge_weight","mst_max_edge_weight"
1,300,4,1,20660446,"0.6837,0.6402,0.6907,0.6759",1.55875312657372e-13,1.02150807567831,2.42707609258321
1,300,4,2,20660447,"0.6964,0.6474,0.6498,0.6659",5.52891066263328e-14,1.02012343799329,3.34937666750125
1,300,4,3,20660448,"0.6566,0.6575,0.7119,0.6436",1.37112543541207e-13,1.03424294062631,2.73701959404573
1,300,4,4,20660449,"0.6733,0.6388,0.6528,0.6494",2.35811370430383e-13,0.994641502729314,2.77618434301127
1,300,4,5,20660450,"0.7087,0.6942,0.7216,0.6236",7.90478793533111e-14,1.00165312510209,2.37817580796548
1,300,4,6,20660451,"0.6675,0.6843,0.6982,0.657",6.21724893790088e-14,1.01604701699045,2.78310240844363
1,300,4,7,20660452,"0.6699,0.6672,0.6563,0.6995",1.59872115546023e-13,1.02191335866775,3.02480047948024
1,300,4,8,20660453,"0.664,0.681,0.6765,0.6876",5.15143483426073e-14,1.0186912460638,2.72296991948923
1,300,4,9,20660454,"0.6953,0.6349,0.7046,0.6642",1.87405646556726e-13,1.0160252273027,3.2437514572333
1,300,4,10,20660455,"0.7165,0.6469,0.6226,0.7155",1.62980740014973e-13,1.02796667581258,3.19529781655382
1,300,4,11,20660456,"0.6064,0.6653,0.6379,0.6393",1.15463194561016e-13,1.01458266970312,2.68497153249976
1,300,4,12,20660457,"0.6709,0.659,0.7251,0.6687",8.88178419700125e-14,1.00150934426806,2.17546976059456
1,300,4,13,20660458,"0.672,0.6832,0.7058,0.647",4.48530101948563e-14,1.02359026533037,3.07269320564917
1,300,4,14,20660459,"0.6867,0.6518,0.649,0.6559",6.94999613415348e-14,1.00934843700547,2.40776915317103
1,300,4,15,20660460,"0.6655,0.6734,0.6064,0.6666",5.95079541199084e-14,1.01153583642417,2.22966028867895
1,300,4,16,20660461,"0.6733,0.6828,0.6785,0.6778",1.29674049276218e-13,1.01869163705077,3.16965699908021
1,300,4,17,20660462,"0.6807,0.663,0.6621,0.6536",1.68087765928249e-13,1.02776734963442,3.68244615461847
1,300,4,18,20660463,"0.6253,0.7279,0.6846,0.6863",7.8159700933611e-14,1.02260466379279,3.68870719236623
1,300,4,19,20660464,"0.665,0.6562,0.687,0.6717",5.86197757002083e-14,1.02494274740146,3.45367164666037
1,300,4,20,20660465,"0.6698,0.7359,0.6823,0.7069",1.29229960066368e-13,1.01578434096753,2.72409953249698
1,300,4,21,20660466,"0.664,0.6723,0.68,0.7066",4.70734562441066e-14,1.0144274828002,2.8248197014617
1,300,4,22,20660467,"0.6474,0.6681,0.6191,0.6639",5.86197757002083e-14,1.00427656308271,3.55402486065456
1,300,4,23,20660468,"0.7168,0.6947,0.6047,0.6376",9.2370555648813e-14,1.04688673137299,2.7282147270194
1,300,4,24,20660469,"0.6602,0.6125,0.6384,0.6686",9.37028232783632e-14,1.01830730310513,2.93059358256821
1,300,4,25,20660470,"0.659,0.6945,0.6868,0.6969",3.48693296459146e-13,1.02149169682904,2.34698590239861
1,300,4,26,20660471,"0.7059,0.6379,0.6926,0.639",7.54951656745106e-14,1.00950575197809,2.51223548941524
1,300,4,27,20660472,"0.6507,0.6562,0.6951,0.6509",7.23865412055602e-14,1.01205064151159,2.53917309740018
1,300,4,28,20660473,"0.6852,0.6711,0.6546,0.682",1.02140518265514e-13,1.01013831613346,3.43919699406187
1,300,4,29,20660474,"0.6856,0.6969,0.676,0.6778",7.01660951563099e-14,0.998890087753854,3.05384983307782
1,300,4,30,20660475,"0.646,0.6583,0.7056,0.7139",6.75015598972095e-14,1.00150679465022,2.30250732936941
1,300,4,31,20660476,"0.6977,0.6674,0.6577,0.7334",7.86037901434611e-14,1.0044639262561,2.8946410304247
1,300,4,32,20660477,"0.703,0.6775,0.697,0.6696",4.51194637207664e-13,1.03549200661705,3.13255337044778
1,300,4,33,20660478,"0.6579,0.6537,0.5998,0.663",6.12843109593086e-14,1.0280848370267,2.79353685771318
1,300,4,34,20660479,"0.6371,0.6249,0.641,0.6444",4.10338429901458e-13,0.995825280155961,2.96302458697853
1,300,4,35,20660480,"0.6719,0.665,0.6391,0.7051",6.48370246381091e-14,1.01417199646589,2.80544525952763
1,300,4,36,20660481,"0.6404,0.6876,0.6768,0.6472",5.97299987248334e-14,1.01417688760921,2.79396853578766
1,300,4,37,20660482,"0.6974,0.6657,0.7023,0.698",1.3855583347322e-13,1.00425739781123,2.67897685605924
1,300,4,38,20660483,"0.6644,0.6966,0.6857,0.6112",7.01660951563099e-14,1.03404140457634,2.97069723618374
1,300,4,39,20660484,"0.6677,0.7028,0.7114,0.6791",9.79216707719388e-14,0.991596917947423,2.98803758631929
1,300,4,40,20660485,"0.6267,0.6741,0.6974,0.6638",9.37028232783632e-14,1.01664945216638,3.06678914487983
1,300,4,41,20660486,"0.6654,0.6437,0.6707,0.6355",8.17124146124115e-14,0.997637058200008,3.04824939680003
1,300,4,42,20660487,"0.6806,0.6461,0.7125,0.61",1.03028696685215e-13,1.0097551710014,2.87382412129399
1,300,4,43,20660488,"0.6624,0.6872,0.7248,0.6991",1.32560629140244e-13,0.987524144915477,2.34006661005133
1,300,4,44,20660489,"0.6732,0.6234,0.6795,0.6801",8.14903700074865e-14,1.00843523685331,3.44407331611693
1,300,4,45,20660490,"0.7006,0.7144,0.6014,0.6648",2.1049828546893e-13,1.01183251362954,2.99430315829984
1,300,4,46,20660491,"0.6402,0.6457,0.6543,0.6702",2.63788990650937e-13,1.00913698378258,2.98986667255023
1,300,4,47,20660492,"0.6837,0.7293,0.6499,0.6834",2.32702745961433e-13,1.0169713890779,2.80982010797541
1,300,4,48,20660493,"0.6288,0.6791,0.6673,0.6791",8.39328606616618e-14,1.01345464055721,2.98808457034098
1,300,4,49,20660494,"0.6971,0.6934,0.69,0.6447",1.0724754417879e-13,1.01173317591607,2.93698184865593
1,300,4,50,20660495,"0.6919,0.702,0.6653,0.6923",4.02344824124157e-13,1.02321980423992,2.77576049677365
1,300,4,51,20660496,"0.6717,0.6188,0.6679,0.6397",6.77236045021345e-14,1.00298837370922,2.9922715174609
1,300,4,52,20660497,"0.6571,0.6734,0.6524,0.7067",1.26065824446187e-13,1.02127307724435,2.84267108800114
1,300,4,53,20660498,"0.6778,0.6654,0.6282,0.6809",8.34887714518118e-14,1.0354963646182,3.06166129769067
1,300,4,54,20660499,"0.6379,0.6334,0.6676,0.6436",8.83737527601625e-14,1.03179282531701,3.56713868150315
1,300,4,55,20660500,"0.6928,0.6444,0.6907,0.6688",1.56319401867222e-13,1.00609317861119,2.73591405724619
1,300,4,56,20660501,"0.6721,0.6903,0.7015,0.607",1.19459997449667e-13,1.00958544711738,2.62312536454409
1,300,4,57,20660502,"0.6604,0.6594,0.6504,0.6616",5.59552404411079e-14,1.01433225613753,2.63767204318312
1,300,4,58,20660503,"0.7384,0.6583,0.655,0.6923",1.05693231944315e-13,1.02016859274807,3.12691940875187
1,300,4,59,20660504,"0.642,0.7026,0.665,0.6755",7.50510764646606e-14,1.02019810993937,2.62984058746686
1,300,4,60,20660505,"0.6724,0.6737,0.6294,0.6405",3.5527136788005e-14,1.00761702597695,2.8738244892291
1,300,4,61,20660506,"0.6449,0.6717,0.6317,0.7281",2.82218692859715e-13,1.01972227388531,2.67255970577134
1,300,4,62,20660507,"0.6678,0.6552,0.6798,0.6588",3.03757019537443e-13,1.01156973734622,2.38342305040316
1,300,4,63,20660508,"0.6336,0.6801,0.6238,0.6658",5.32768273941997e-14,1.00641498988416,2.50365696422019
1,300,4,64,20660509,"0.6925,0.6272,0.7007,0.7001",8.20454815197991e-14,1.02502744027412,2.58569853803851
1,300,4,65,20660510,"0.6677,0.6923,0.697,0.6719",1.68975944347949e-13,1.01617138884225,2.84478341784955
1,300,4,66,20660511,"0.6614,0.6735,0.643,0.7226",7.90478793533111e-14,1.03780472096847,2.79243424505571
1,300,4,67,20660512,"0.6866,0.6694,0.7276,0.6781",1.51878509768721e-13,1.01147278201302,3.19104142894977
1,300,4,68,20660513,"0.7097,0.6699,0.6289,0.6693",8.57092175010621e-14,1.02144774913381,2.77904064558017
1,300,4,69,20660514,"0.6802,0.6515,0.6718,0.6921",3.76143560743003e-13,1.00145062092346,2.67879883017241
1,300,4,70,20660515,"0.6713,0.6347,0.6436,0.6731",6.87228052242972e-14,1.00348710267671,3.37018984896183
1,300,4,71,20660516,"0.6609,0.6782,0.6678,0.6843",1.39221967287995e-13,1.02866785023581,2.50564100301734
1,300,4,72,20660517,"0.6924,0.6671,0.6746,0.6616",1.79412040779425e-13,1.02670711709114,3.8806000510309
1,300,4,73,20660518,"0.6701,0.6966,0.6534,0.6045",1.29229960066368e-13,1.01893068883285,2.53172337843658
1,300,4,74,20660519,"0.6661,0.6697,0.6481,0.6514",1.27897692436818e-13,1.01541740499166,2.94470257874162
1,300,4,75,20660520,"0.6797,0.672,0.6506,0.6266",8.70414851306123e-14,1.01919963320939,2.87662339946345
1,300,4,76,20660521,"0.7034,0.6729,0.6285,0.6752",5.30686605770825e-14,1.01877012616757,2.62486631936849
1,300,4,77,20660522,"0.6958,0.7003,0.6721,0.6743",1.09690034832965e-13,1.0008545469348,3.06832279383647
1,300,4,78,20660523,"0.7166,0.6324,0.662,0.72",1.15463194561016e-13,1.00525274408856,2.71281852235804
1,300,4,79,20660524,"0.7138,0.6535,0.7262,0.6935",1.13131726209303e-13,1.03139011043022,3.20162959811836
1,300,4,80,20660525,"0.6817,0.7129,0.6373,0.591",1.02362562870439e-13,1.02413108168922,3.0597494432215
1,300,4,81,20660526,"0.6418,0.686,0.6802,0.6709",1.21680443498917e-13,1.00120268852934,2.64530245536444
1,300,4,82,20660527,"0.6439,0.6668,0.6936,0.7042",1.03028696685215e-13,1.0377246754187,3.0473034916441
1,300,4,83,20660528,"0.7057,0.6713,0.6577,0.6663",9.9475983006414e-14,1.03476620044718,2.79890191966217
1,300,4,84,20660529,"0.6727,0.6168,0.6634,0.6945",1.03916875104915e-13,1.01835995809385,3.47868971537398
1,300,4,85,20660530,"0.6968,0.6426,0.6819,0.6406",6.06181771445335e-14,1.02622454538538,2.58400676069356
1,300,4,86,20660531,"0.6517,0.6896,0.6715,0.7027",1.11466391672366e-13,1.01089560998808,3.79611098150675
1,300,4,87,20660532,"0.6701,0.6583,0.6896,0.6418",7.94919685631612e-14,1.03110746230387,3.36504904203043
1,300,4,88,20660533,"0.6654,0.6675,0.6614,0.6735",7.50510764646606e-14,1.04541912140366,2.27538065516311
1,300,4,89,20660534,"0.6868,0.7321,0.6702,0.6827",2.42472708578134e-13,0.984652383691228,2.87232862279387
1,300,4,90,20660535,"0.6538,0.655,0.6566,0.6713",7.66053886991358e-14,1.00606631522096,2.8548381391484
1,300,4,91,20660536,"0.6472,0.6675,0.6419,0.677",6.50590692430342e-14,1.01449087825369,2.52854199905906
1,300,4,92,20660537,"0.6941,0.6941,0.7235,0.6531",8.14903700074865e-14,1.01318350968637,2.61259835160911
1,300,4,93,20660538,"0.6552,0.6577,0.6984,0.6658",5.15143483426073e-14,0.999523183498208,2.90222416558615
1,300,4,94,20660539,"0.6771,0.6412,0.6857,0.6731",2.50466314355435e-13,1.00150344699895,3.6394359979736
1,300,4,95,20660540,"0.6838,0.6719,0.6476,0.7218",5.55111512312578e-14,1.02084756169702,2.64995764941544
1,300,4,96,20660541,"0.6502,0.6625,0.6561,0.6482",1.57207580286922e-13,1.01009748004646,2.42856095964995
1,300,4,97,20660542,"0.6495,0.6456,0.6771,0.6244",1.87405646556726e-13,1.0098787397761,2.2887504187028
1,300,4,98,20660543,"0.6082,0.6765,0.677,0.6364",2.33146835171283e-13,1.00891633104036,2.91832866876107
1,300,4,99,20660544,"0.6834,0.7128,0.6573,0.6551",1.54987134237672e-13,1.00229482462402,2.62252096833498
1,300,4,100,20660545,"0.6962,0.6518,0.7347,0.635",7.23865412055602e-14,1.00927907647035,3.12040849445892
1,500,4,1,20860446,"0.607,0.6035,0.6005,0.6279",3.43725048423948e-13,0.960881622652226,3.42366788383481
1,500,4,2,20860447,"0.6348,0.6368,0.6151,0.6366",2.4846791291111e-13,0.956927824205623,3.43863901542854
1,500,4,3,20860448,"0.6403,0.6175,0.6269,0.642",2.1138646388863e-13,0.96237826129745,2.8366349870453
1,500,4,4,20860449,"0.6293,0.6049,0.628,0.6091",1.44106948596345e-13,0.966372996944828,2.85225256947878
1,500,4,5,20860450,"0.6024,0.6206,0.6168,0.6012",8.57092175010621e-14,0.96124007144416,3.51920067525835
1,500,4,6,20860451,"0.6238,0.6301,0.6278,0.6096",2.54019028034236e-13,0.949016373652242,3.04176689480393
1,500,4,7,20860452,"0.5948,0.6206,0.6283,0.6709",6.75015598972095e-14,0.927026477581975,3.27858961541823
1,500,4,8,20860453,"0.6071,0.6106,0.6199,0.6563",1.55875312657372e-13,0.959733602715076,2.64807174957888
1,500,4,9,20860454,"0.6382,0.6025,0.6383,0.6352",1.90070181815827e-13,0.960558732495872,2.59328938098092
1,500,4,10,20860455,"0.673,0.609,0.6411,0.6386",8.26005930321116e-14,0.964642646821652,2.70549004588614
1,500,4,11,20860456,"0.6366,0.5838,0.6232,0.5939",1.50102152929321e-13,0.953570262064836,4.02366599145479
1,500,4,12,20860457,"0.5937,0.6452,0.6228,0.6695",8.39328606616618e-14,0.95438952790549,2.92084948769658
1,500,4,13,20860458,"0.6447,0.6345,0.6422,0.5999",7.46069872548105e-14,0.944872095439382,2.38240816743806
1,500,4,14,20860459,"0.6413,0.6216,0.6209,0.6531",1.90958360235527e-13,0.955415317494867,3.89176054972834
1,500,4,15,20860460,"0.6556,0.6209,0.6395,0.6204",8.65973959207622e-14,0.959006346827008,2.79862931709839
1,500,4,16,20860461,"0.6459,0.5929,0.6759,0.6131",2.00950367457153e-13,0.941238988160354,2.77010628271758
1,500,4,17,20860462,"0.6274,0.6449,0.6198,0.6278",1.78523862359725e-13,0.958221541790086,3.46370252822313
1,500,4,18,20860463,"0.6295,0.5905,0.609,0.636",1.0946799022804e-13,0.943516963678209,2.99511485530398
1,500,4,19,20860464,"0.653,0.6403,0.6457,0.6339",1.20348175869367e-13,0.960372823020922,2.86381436599908
1,500,4,20,20860465,"0.6491,0.6314,0.6184,0.6742",1.50102152929321e-13,0.948275673119328,2.9293669435211
1,500,4,21,20860466,"0.6578,0.6193,0.6236,0.6433",1.02140518265514e-13,0.948554032558856,2.66344182009348
1,500,4,22,20860467,"0.6139,0.6582,0.6416,0.6277",3.24629212400396e-13,0.970294554733696,2.64007677840644
1,500,4,23,20860468,"0.6292,0.6435,0.6125,0.6376",1.3988810110277e-13,0.930576761731163,2.74692498230317
1,500,4,24,20860469,"0.6053,0.6285,0.6255,0.6538",2.34701147405758e-13,0.948790807004312,2.87357672486209
1,500,4,25,20860470,"0.6594,0.5979,0.6185,0.6234",1.27897692436818e-13,0.959640878991789,2.71925753538628
1,500,4,26,20860471,"0.6421,0.6388,0.6149,0.6294",2.54907206453936e-13,0.957783213168933,3.6915557188412
1,500,4,27,20860472,"0.6538,0.6427,0.6346,0.6355",3.63709062867201e-13,0.968587590659779,2.93519783582416
1,500,4,28,20860473,"0.6289,0.5972,0.6497,0.6559",1.62092561595273e-13,0.945815260672133,2.8718166134436
1,500,4,29,20860474,"0.6686,0.6187,0.6574,0.6242",2.02504679691629e-13,0.961551218033555,2.90882550636045
1,500,4,30,20860475,"0.616,0.6305,0.6417,0.6212",2.28261853862932e-13,0.955473272250761,2.66899868482565
1,500,4,31,20860476,"0.6418,0.5962,0.6254,0.6548",1.83852932877926e-13,0.966739359898766,3.3651889414511
1,500,4,32,20860477,"0.5876,0.6177,0.5957,0.6147",2.95763413760142e-13,0.972337480954309,2.87167822447336
1,500,4,33,20860478,"0.6437,0.5981,0.6422,0.6492",2.59348098552437e-13,0.95628732388583,3.40622662204755
1,500,4,34,20860479,"0.5965,0.6146,0.6725,0.6132",1.36335387423969e-13,0.950272405307649,2.61996670375356
1,500,4,35,20860480,"0.6352,0.619,0.6141,0.6187",1.53654866608122e-13,0.947100192178223,3.31253188631591
1,500,4,36,20860481,"0.6318,0.6298,0.626,0.6159",2.39808173319034e-13,0.967944377294101,2.72029793176527
1,500,4,37,20860482,"0.64,0.6387,0.6303,0.6528",2.39808173319034e-13,0.961578628446101,3.2251267036601
1,500,4,38,20860483,"0.6512,0.6329,0.6378,0.62",3.33955085807247e-13,0.946006211546734,2.84626091195167
1,500,4,39,20860484,"0.6153,0.6446,0.6448,0.6286",1.66977542903624e-13,0.943589384154175,2.65029290133875
1,500,4,40,20860485,"0.6251,0.6346,0.629,0.6086",1.30562227695918e-13,0.959895248485133,3.07236247553604
1,500,4,41,20860486,"0.6294,0.6386,0.6369,0.6601",8.65973959207622e-14,0.959730746787449,2.82816854744211
1,500,4,42,20860487,"0.6453,0.6083,0.6182,0.6325",1.47659662275146e-13,0.942585368928715,3.49002621322181
1,500,4,43,20860488,"0.632,0.6249,0.6238,0.6152",3.76809694557778e-13,0.966507189260914,2.71698595638364
1,500,4,44,20860489,"0.6134,0.6185,0.6614,0.5999",2.56683563293336e-13,0.967048720417508,3.08604126780385
1,500,4,45,20860490,"0.6292,0.6674,0.6172,0.6336",1.51767487466259e-13,0.947475756628844,3.19325219240473
1,500,4,46,20860491,"0.5889,0.6043,0.5928,0.6415",1.75859327100625e-13,0.953298420324855,2.97109054039425
1,500,4,47,20860492,"0.6474,0.5966,0.6583,0.652",1.04982689208555e-12,0.937351381523143,3.08023947261397
1,500,4,48,20860493,"0.6261,0.645,0.6191,0.6431",2.35367281220533e-13,0.958864999018135,2.52163419389373
1,500,4,49,20860494,"0.6051,0.6466,0.6287,0.6107",1.60760293965723e-13,0.950016786662261,2.31716075935551
1,500,4,50,20860495,"0.6371,0.6378,0.6547,0.6222",1.01252339845814e-13,0.946495952621844,3.17552350741409
1,500,4,51,20860496,"0.673,0.6496,0.6654,0.657",1.86073378927176e-13,0.964685465585788,2.61036248163019
1,500,4,52,20860497,"0.6049,0.6269,0.6092,0.6151",2.89546164822241e-13,0.965355568427918,2.87910022124232
1,500,4,53,20860498,"0.5813,0.6072,0.6114,0.6538",1.27453603226968e-13,0.961478864221954,3.0552243308617
1,500,4,54,20860499,"0.6115,0.6313,0.6134,0.6313",3.5438318946035e-13,0.952054539114897,3.84806804439187
1,500,4,55,20860500,"0.5899,0.6376,0.6267,0.5954",7.90478793533111e-14,0.946956819984483,2.80444938224587
1,500,4,56,20860501,"0.6296,0.6498,0.6249,0.6293",1.00364161426114e-13,0.970999577373351,2.87988782166648
1,500,4,57,20860502,"0.6321,0.6196,0.6453,0.6339",5.01820807130571e-13,0.96071556392231,3.41752926674461
1,500,4,58,20860503,"0.6161,0.6204,0.6913,0.6253",1.3944401189292e-13,0.974088119266152,2.55385075828253
1,500,4,59,20860504,"0.6194,0.6317,0.626,0.637",6.61692922676593e-14,0.949336416160206,3.45422272736432
1,500,4,60,20860505,"0.6177,0.6015,0.6414,0.6245",2.35367281220533e-13,0.958340876626947,3.1761925423074
1,500,4,61,20860506,"0.608,0.6374,0.6277,0.6503",1.82187598340988e-13,0.951794640673474,3.55958986472458
1,500,4,62,20860507,"0.6559,0.6294,0.6331,0.6181",2.57571741713036e-13,0.953949120635344,2.52269115186293
1,500,4,63,20860508,"0.6514,0.659,0.6243,0.645",3.35731442646647e-13,0.965161458646651,2.75808204205303
1,500,4,64,20860509,"0.6338,0.5959,0.6467,0.6358",1.31672450720544e-13,0.956677702564518,3.19157293269363
1,500,4,65,20860510,"0.6673,0.603,0.6474,0.6314",1.20792265079217e-13,0.986050789743112,2.44669760360536
1,500,4,66,20860511,"0.6185,0.6234,0.6637,0.6188",1.18127729820117e-13,0.957913748004742,3.49719065659284
1,500,4,67,20860512,"0.6265,0.6463,0.6224,0.61",2.07500683302442e-13,0.953067586286071,2.61306796463129
1,500,4,68,20860513,"0.6052,0.6239,0.6139,0.6386",8.17124146124115e-14,0.956571836491785,2.82538756029267
1,500,4,69,20860514,"0.6212,0.6301,0.6348,0.6528",3.08197911635943e-13,0.970636524539538,3.31383791310965
1,500,4,70,20860515,"0.5979,0.615,0.6479,0.6762",1.74082970261225e-13,0.945888790512277,2.742559033001
1,500,4,71,20860516,"0.6178,0.6263,0.6263,0.5945",3.04645197957143e-13,0.972477568970968,2.9213152984417
1,500,4,72,20860517,"0.5935,0.6441,0.6092,0.6314",3.08197911635943e-13,0.964240560670668,2.6769723310594
1,500,4,73,20860518,"0.627,0.635,0.6347,0.6511",1.10578213252666e-13,0.951434345366728,3.20596696154812
1,500,4,74,20860519,"0.64,0.5834,0.6202,0.6238",9.50350909079134e-14,0.955172893849875,2.70825735577061
1,500,4,75,20860520,"0.589,0.6142,0.667,0.645",2.1582735598713e-13,0.945222933775125,2.83281253271175
1,500,4,76,20860521,"0.603,0.6955,0.6187,0.6052",3.27959881474271e-13,0.959155799562569,3.18008399998068
1,500,4,77,20860522,"0.6048,0.6368,0.6263,0.603",1.01030295240889e-13,0.963402593326978,3.09877962113607
1,500,4,78,20860523,"0.6399,0.6363,0.5944,0.6309",2.06945571790129e-13,0.967260103985392,3.73911870590807
1,500,4,79,20860524,"0.6383,0.642,0.6128,0.6063",4.33431068813661e-13,0.947874061081164,3.5632447417775
1,500,4,80,20860525,"0.6052,0.6182,0.6366,0.6225",1.29674049276218e-13,0.942728411494123,3.47481557499026
1,500,4,81,20860526,"0.6512,0.622,0.6471,0.6119",3.83137965798142e-13,0.95983781994337,3.37216896236772
1,500,4,82,20860527,"0.6223,0.6682,0.6009,0.6658",1.43773881688958e-13,0.943350474415197,3.3406455897096
1,500,4,83,20860528,"0.592,0.6093,0.6347,0.6376",1.68753899743024e-13,0.952683331274601,2.88140039844515
1,500,4,84,20860529,"0.6111,0.6481,0.6486,0.6373",1.73638881051374e-13,0.959628953529918,3.30076811779766
1,500,4,85,20860530,"0.6307,0.6361,0.6677,0.6116",7.8159700933611e-14,0.948070385547823,3.98206816656558
1,500,4,86,20860531,"0.6246,0.6279,0.6442,0.6102",8.17124146124115e-14,0.957287503096254,3.67217076885154
1,500,4,87,20860532,"0.6244,0.6209,0.5988,0.6186",1.03028696685215e-13,0.965115220464951,3.30331487143276
1,500,4,88,20860533,"0.6324,0.6087,0.6444,0.6268",1.79412040779425e-13,0.957242963618241,2.85550201104322
1,500,4,89,20860534,"0.6296,0.6356,0.6188,0.6289",1.49213974509621e-13,0.956656449210692,3.01465569247114
1,500,4,90,20860535,"0.623,0.6389,0.6285,0.6304",3.00204305858642e-13,0.973448466752525,2.70352069717144
1,500,4,91,20860536,"0.6674,0.6334,0.6402,0.6013",2.30926389122033e-13,0.955169560189127,3.83795062730583
1,500,4,92,20860537,"0.6257,0.6188,0.6168,0.6719",1.66977542903624e-13,0.951825854302689,3.88354186648092
1,500,4,93,20860538,"0.6256,0.6291,0.6381,0.6074",9.45910016980633e-14,0.948405462613032,3.27173823694024
1,500,4,94,20860539,"0.6169,0.628,0.6039,0.6392",9.57012247226885e-14,0.955381583632969,3.92489655775953
1,500,4,95,20860540,"0.6202,0.6582,0.5928,0.666",3.48165940522449e-13,0.964818542375352,3.46525972144764
1,500,4,96,20860541,"0.6346,0.6318,0.6194,0.6199",2.06057393370429e-13,0.962987228042228,3.48926900586657
1,500,4,97,20860542,"0.6409,0.6449,0.6462,0.6473",1.87849735766576e-13,0.941122191698323,2.56297737198654
1,500,4,98,20860543,"0.6055,0.66,0.6376,0.6024",2.1405099914773e-13,0.946249470206643,2.89779219282985
1,500,4,99,20860544,"0.6638,0.626,0.6525,0.619",2.21600515715181e-13,0.950145589536796,3.16102448351089
1,500,4,100,20860545,"0.6209,0.6366,0.6391,0.6309",1.06581410364015e-13,0.946530446842314,2.92092659733062
1,800,4,1,21160446,"0.5909,0.6094,0.5804,0.592",2.95319324550292e-13,0.886181559085572,2.72112760647068
1,800,4,2,21160447,"0.5742,0.6136,0.6173,0.5794",2.16715534406831e-13,0.894421464486523,3.62080461308805
1,800,4,3,21160448,"0.6053,0.6058,0.6218,0.6076",1.49213974509621e-13,0.905842437727061,2.95861821795084
1,800,4,4,21160449,"0.5934,0.569,0.6067,0.5967",5.304645611659e-13,0.910319466204071,3.39513737111871
1,800,4,5,21160450,"0.6013,0.5937,0.6062,0.5708",2.41140440948584e-13,0.911683983970776,3.72831150461461
1,800,4,6,21160451,"0.6219,0.5715,0.597,0.6115",1.86517468137026e-13,0.896410037155899,2.71611712181227
1,800,4,7,21160452,"0.6011,0.5947,0.6043,0.6073",6.23057161419638e-13,0.908016587974843,3.81226954228576
1,800,4,8,21160453,"0.5918,0.5985,0.566,0.6073",3.06865644006393e-13,0.913058413427626,4.00018324253077
1,800,4,9,21160454,"0.5897,0.6245,0.5834,0.6074",3.1818991885757e-13,0.917227949220678,3.30512055277695
1,800,4,10,21160455,"0.6075,0.6199,0.6157,0.5649",1.82076576038526e-13,0.90265025332713,2.95097323490764
1,800,4,11,21160456,"0.6016,0.5784,0.5984,0.5828",3.01536573488193e-13,0.899495551999387,2.87643101173195
1,800,4,12,21160457,"0.5803,0.592,0.5843,0.5899",2.71782596428238e-13,0.905596098352466,2.92663122044936
1,800,4,13,21160458,"0.5882,0.595,0.5833,0.6145",2.8244073746464e-13,0.90668641339446,2.87828492988312
1,800,4,14,21160459,"0.5904,0.5744,0.6037,0.585",7.39908134761436e-13,0.913756571399695,2.9714695888575
1,800,4,15,21160460,"0.5921,0.5748,0.5969,0.5864",2.46025422256935e-13,0.904877162515007,3.53078702129209
1,800,4,16,21160461,"0.5929,0.579,0.5924,0.5846",1.51212375953946e-13,0.909588099824579,3.08465961568464
1,800,4,17,21160462,"0.581,0.6051,0.594,0.5868",2.50022225145585e-12,0.911306715188016,4.6704908719339
1,800,4,18,21160463,"0.5768,0.588,0.5895,0.5873",3.521627434111e-13,0.914362553252165,2.79252115125359
1,800,4,19,21160464,"0.5948,0.5955,0.5808,0.6213",3.37063710276198e-13,0.900080428632015,3.4006763683119
1,800,4,20,21160465,"0.6178,0.597,0.6223,0.5929",2.07833750209829e-13,0.906255334269803,5.58033495515645
1,800,4,21,21160466,"0.5991,0.5642,0.5946,0.5904",5.40900657597376e-13,0.9103927381994,3.24956728392051
1,800,4,22,21160467,"0.5786,0.606,0.5933,0.6067",2.24154028671819e-13,0.911419761120061,3.07146020835728
1,800,4,23,21160468,"0.5785,0.6113,0.6141,0.6075",2.8599345114344e-13,0.898071292245791,3.68974093693605
1,800,4,24,21160469,"0.5763,0.5627,0.5859,0.5711",1.82964754458226e-13,0.92358379845874,3.31336013033894
1,800,4,25,21160470,"0.5758,0.594,0.5995,0.5908",1.86073378927176e-13,0.920869017206155,3.37016766376152
1,800,4,26,21160471,"0.6234,0.5835,0.609,0.5907",4.49307258065801e-13,0.902853320435314,3.51335326984707
1,800,4,27,21160472,"0.5994,0.5787,0.6142,0.6014",2.1316282072803e-13,0.897279872976194,3.34880134046186
1,800,4,28,21160473,"0.6048,0.6034,0.5982,0.5857",2.14717132962505e-13,0.910340516072855,3.24863599979251
1,800,4,29,21160474,"0.6023,0.5972,0.6151,0.592",3.33510996597397e-13,0.902036845360447,3.44869356171508
1,800,4,30,21160475,"0.5951,0.57,0.6053,0.6118",4.00568467284756e-13,0.91018887438823,5.07879026236213
1,800,4,31,21160476,"0.5753,0.5878,0.6003,0.5837",2.46913600676635e-13,0.914075025254956,3.44188961867191
1,800,4,32,21160477,"0.5873,0.6013,0.6315,0.6104",1.4122036873232e-13,0.89370274152823,3.35025484322742
1,800,4,33,21160478,"0.6248,0.6021,0.5913,0.6116",1.14575016141316e-13,0.908018952772099,3.55682052449689
1,800,4,34,21160479,"0.6095,0.6162,0.5778,0.5821",1.58983937126322e-13,0.903263911188568,3.0338222454314
1,800,4,35,21160480,"0.5741,0.5875,0.5973,0.6102",2.94209101525666e-13,0.924698558062757,2.67298466268461
1,800,4,36,21160481,"0.5878,0.5974,0.586,0.5727",2.45137243837235e-13,0.904021866638436,2.7431277641258
1,800,4,37,21160482,"0.5581,0.5964,0.5896,0.6209",4.36539693282612e-13,0.911501137016802,4.31738341690909
1,800,4,38,21160483,"0.6254,0.5905,0.5952,0.584",2.95319324550292e-13,0.920382878147974,3.37615666815243
1,800,4,39,21160484,"0.5726,0.5941,0.5883,0.5777",3.46833672892899e-13,0.901786277076203,3.44049892614778
1,800,4,40,21160485,"0.605,0.6155,0.6311,0.5777",6.79012401860746e-13,0.918088253741425,4.03086010725807
1,800,4,41,21160486,"0.5828,0.5951,0.6195,0.5886",2.03392858111329e-13,0.922280820182552,2.89643533790874
1,800,4,42,21160487,"0.5933,0.5948,0.5853,0.5857",8.82349748820843e-13,0.911640502618148,3.41122964513552
1,800,4,43,21160488,"0.5727,0.5744,0.5916,0.5713",2.1405099914773e-13,0.909195593978836,3.46952184410292
1,800,4,44,21160489,"0.6066,0.5987,0.5891,0.5815",2.50466314355435e-13,0.919431645980657,3.17932838067917
1,800,4,45,21160490,"0.5921,0.5846,0.5983,0.6081",1.37667655053519e-13,0.905341821401771,2.96942110643735
1,800,4,46,21160491,"0.5951,0.5921,0.5832,0.5729",2.29150032282632e-13,0.897858585144162,3.17140289144153
1,800,4,47,21160492,"0.5823,0.5927,0.624,0.612",3.82555098710213e-13,0.90980319737243,2.60344300178539
1,800,4,48,21160493,"0.5927,0.5806,0.5985,0.5878",1.67199587508549e-13,0.902905709995833,2.53226750896546
1,800,4,49,21160494,"0.6053,0.5882,0.5895,0.5903",2.8332891588434e-13,0.915734616411912,3.10591870121815
1,800,4,50,21160495,"0.6011,0.5864,0.5904,0.5935",4.13002965160558e-13,0.912541559531125,3.52942846445566
1,800,4,51,21160496,"0.5945,0.6279,0.6016,0.587",1.75859327100625e-13,0.912552689775308,3.27274849641811
1,800,4,52,21160497,"0.5684,0.6127,0.5934,0.6143",2.00728322852228e-13,0.909504021472754,2.90309216097718
1,800,4,53,21160498,"0.5637,0.5637,0.5938,0.5708",2.1005419625908e-13,0.909160077903786,3.18638064807641
1,800,4,54,21160499,"0.6025,0.5633,0.59,0.5758",2.61124455391837e-13,0.912323919150757,3.81429076430442
1,800,4,55,21160500,"0.5628,0.5954,0.608,0.6084",4.89386309254769e-13,0.916448269696332,2.87083111699774
1,800,4,56,21160501,"0.5938,0.5821,0.5955,0.5969",4.21329637845247e-13,0.89067398097239,3.03571665117601
1,800,4,57,21160502,"0.5929,0.5716,0.5969,0.593",3.79252185211953e-13,0.919376662458699,3.99573149368046
1,800,4,58,21160503,"0.5959,0.5734,0.6086,0.5837",4.70734562441066e-13,0.902619221394083,2.92925263096477
1,800,4,59,21160504,"0.5746,0.5902,0.583,0.5796",6.47704112566316e-13,0.908481578962269,3.30416513394614
1,800,4,60,21160505,"0.6049,0.5984,0.5962,0.5968",2.66453525910038e-13,0.902482430942567,2.64861687197109
1,800,4,61,21160506,"0.6083,0.579,0.5989,0.6043",1.48991929904696e-13,0.921461375032783,2.87653698014926
1,800,4,62,21160507,"0.5806,0.5685,0.5952,0.5918",2.03836947321179e-13,0.907186574113051,2.88210620662222
1,800,4,63,21160508,"0.5832,0.6021,0.6057,0.555",2.04281036531029e-13,0.901026733032561,2.76714268894443
1,800,4,64,21160509,"0.6144,0.5862,0.5838,0.5809",2.29150032282632e-13,0.899642616570199,3.03383776692755
1,800,4,65,21160510,"0.5794,0.582,0.5966,0.5973",3.65152352799214e-13,0.914634570825863,2.8784654291158
1,800,4,66,21160511,"0.6063,0.6181,0.62,0.6004",3.12638803734444e-13,0.903557142260491,2.80919036055612
1,800,4,67,21160512,"0.6216,0.5832,0.5867,0.5728",2.96873636784767e-13,0.913699928942214,3.43449921185976
1,800,4,68,21160513,"0.5811,0.5926,0.6067,0.5892",4.77839989798667e-13,0.907146573939064,2.72696156952752
1,800,4,69,21160514,"0.6107,0.6116,0.5939,0.6115",1.71862524211974e-13,0.890467822687702,3.43119266620879
1,800,4,70,21160515,"0.5876,0.5963,0.599,0.5981",2.0961010704923e-13,0.90900855638606,3.02459256308897
1,800,4,71,21160516,"0.586,0.6107,0.5739,0.5745",1.56319401867222e-13,0.904536856639214,2.85801301256945
1,800,4,72,21160517,"0.5996,0.5945,0.6024,0.5658",3.14859249783694e-13,0.905493396376604,3.19153037766327
1,800,4,73,21160518,"0.5732,0.6052,0.592,0.6023",1.78967951569575e-13,0.902809229643869,3.26151862828204
1,800,4,74,21160519,"0.6023,0.5976,0.5963,0.6038",5.7021054544748e-13,0.89512903709114,2.88283190770474
1,800,4,75,21160520,"0.5891,0.5975,0.5903,0.6011",2.05169214950729e-13,0.918618954792086,3.59034139111168
1,800,4,76,21160521,"0.6135,0.5849,0.576,0.5952",1.49213974509621e-13,0.922124749812583,3.17117496215768
1,800,4,77,21160522,"0.5932,0.5953,0.6009,0.614",1.95093941002256e-13,0.912922647676519,3.12604211933393
1,800,4,78,21160523,"0.5804,0.5562,0.6056,0.6011",3.20049542423817e-13,0.91360019078221,3.16698355554591
1,800,4,79,21160524,"0.5836,0.5972,0.6009,0.5764",3.03757019537443e-13,0.913394551268991,2.97990176776227
1,800,4,80,21160525,"0.6201,0.6128,0.5705,0.5841",3.02868841117743e-13,0.905200051063924,4.07800795250048
1,800,4,81,21160526,"0.6142,0.5914,0.6056,0.5609",2.62900812231237e-13,0.912473015798689,4.3427148440737
1,800,4,82,21160527,"0.5773,0.6309,0.6112,0.619",1.20348175869367e-13,0.905902580447947,2.78680070930576
1,800,4,83,21160528,"0.5822,0.6527,0.5945,0.5753",2.8732571877299e-13,0.89817766903711,2.75734104262682
1,800,4,84,21160529,"0.5851,0.5783,0.5903,0.591",1.92956761679852e-13,0.898075335758979,3.02755910023569
1,800,4,85,21160530,"0.5724,0.5681,0.6053,0.5591",2.33146835171283e-13,0.906848621270025,2.81987888988181
1,800,4,86,21160531,"0.6129,0.5983,0.5998,0.5955",2.66453525910038e-13,0.902161236904018,3.18959482330704
1,800,4,87,21160532,"0.5673,0.6081,0.5793,0.5634",2.34923192010683e-13,0.899116877380514,2.95465859544616
1,800,4,88,21160533,"0.5886,0.5909,0.5733,0.5952",1.23900889548167e-13,0.91565806749894,3.59749986904619
1,800,4,89,21160534,"0.5788,0.5725,0.5802,0.5835",3.17967874252645e-13,0.902227265750157,3.84361629121514
1,800,4,90,21160535,"0.5713,0.5908,0.6049,0.5964",2.18047802036381e-13,0.91270242469251,3.01226950627478
1,800,4,91,21160536,"0.5853,0.5897,0.596,0.6033",2.17492690524068e-13,0.90932042202474,3.45015265258364
1,800,4,92,21160537,"0.5848,0.583,0.6106,0.5787",2.18491891246231e-13,0.901151702544628,3.23185966607343
1,800,4,93,21160538,"0.603,0.6038,0.5657,0.5934",1.81188397618826e-13,0.920677479372052,2.8017702944932
1,800,4,94,21160539,"0.6014,0.5886,0.5878,0.5913",1.92734717074927e-13,0.906614428506427,3.20279117524466
1,800,4,95,21160540,"0.582,0.6069,0.6197,0.5892",4.06785716222657e-13,0.89294324635945,2.78161331408142
1,800,4,96,21160541,"0.5995,0.6054,0.6055,0.5906",1.18127729820117e-13,0.90058242797167,3.06306894283196
1,800,4,97,21160542,"0.584,0.5891,0.5853,0.5912",3.43725048423948e-13,0.893096455256083,4.54550781128126
1,800,4,98,21160543,"0.6022,0.6129,0.6054,0.5842",3.94351218346856e-13,0.902959552724624,3.40597425557679
1,800,4,99,21160544,"0.604,0.562,0.6159,0.6087",1.33226762955019e-13,0.906810743046243,2.51502645621936
1,800,4,100,21160545,"0.6051,0.6049,0.6016,0.5604",2.59792187762287e-13,0.904725848104023,3.56024761029815
2,300,4,1,20760446,"0.6679,0.61,0.653,0.6303",1.25233157177718e-13,0.915646462903575,3.34944896437422
2,300,4,2,20760447,"0.6758,0.6797,0.6713,0.6815",1.4255263636187e-13,0.901879458614144,2.54102892536153
2,300,4,3,20760448,"0.7196,0.6686,0.6533,0.642",2.38031816479634e-13,0.898406179139058,2.5089695934554
2,300,4,4,20760449,"0.6494,0.645,0.6454,0.7336",6.03961325396085e-13,0.917340368342116,3.00624250514928
2,300,4,5,20760450,"0.6843,0.6657,0.6756,0.6676",4.11226608321158e-13,0.920445786264077,2.55477659940574
2,300,4,6,20760451,"0.6694,0.665,0.6828,0.6527",2.41140440948584e-13,0.923760558637246,3.04108668160376
2,300,4,7,20760452,"0.6811,0.6541,0.6147,0.6285",4.35429470257986e-13,0.894148506377649,3.29133784478726
2,300,4,8,20760453,"0.6926,0.6903,0.6455,0.672",3.69482222595252e-13,0.879618176270455,2.88479081922581
2,300,4,9,20760454,"0.6359,0.6724,0.6624,0.6747",1.16351372980716e-13,0.922711386090548,2.46071843499846
2,300,4,10,20760455,"0.651,0.655,0.6486,0.6435",9.85878045867139e-14,0.937518878941739,3.06141230864456
2,300,4,11,20760456,"0.6622,0.6524,0.7031,0.7118",4.08562073062058e-13,0.918465744880394,2.29080998269231
2,300,4,12,20760457,"0.6478,0.6744,0.7083,0.6769",2.70006239588838e-13,0.90095929334718,3.81699405817228
2,300,4,13,20760458,"0.6834,0.683,0.6817,0.6529",2.87769807982841e-13,0.896824560493279,2.94810215581965
2,300,4,14,20760459,"0.6666,0.6447,0.6301,0.6585",2.75335310107039e-13,0.909189955778242,2.65523846545529
2,300,4,15,20760460,"0.6817,0.6495,0.6542,0.6668",3.00204305858642e-13,0.900451549530195,3.63593527162803
2,300,4,16,20760461,"0.6651,0.671,0.6762,0.6804",1.25233157177718e-13,0.890887061149307,2.43012120356545
2,300,4,17,20760462,"0.6926,0.6284,0.6595,0.644",2.25153229393982e-13,0.94526260348125,2.64170175908474
2,300,4,18,20760463,"0.6618,0.661,0.6603,0.6775",5.87085935421783e-13,0.911814164462466,2.85544879616144
2,300,4,19,20760464,"0.6858,0.6197,0.6589,0.6727",1.3855583347322e-13,0.892713281783894,2.51006949899313
2,300,4,20,20760465,"0.6601,0.6931,0.7088,0.7099",3.5171865420125e-13,0.902799143848091,2.05798101760972
2,300,4,21,20760466,"0.6383,0.6599,0.6686,0.6402",1.13242748511766e-13,0.905354328305627,2.4063881137474
2,300,4,22,20760467,"0.6834,0.6826,0.6415,0.6485",1.60316204755873e-13,0.926516977037582,2.69687772671373
2,300,4,23,20760468,"0.6871,0.6265,0.6898,0.6601",1.23456800338317e-13,0.902989216597213,2.28133577407149
2,300,4,24,20760469,"0.6701,0.6384,0.6255,0.6403",8.57092175010621e-14,0.937417336276182,2.77272158770344
2,300,4,25,20760470,"0.7379,0.6407,0.6571,0.6566",1.36779476633819e-13,0.91843189072364,2.7556817835504
2,300,4,26,20760471,"0.6447,0.6502,0.6823,0.652",1.31450406115619e-13,0.921319339124771,2.49966282653256
2,300,4,27,20760472,"0.6421,0.6663,0.6713,0.6945",1.50102152929321e-13,0.908568502253214,3.05490363193213
2,300,4,28,20760473,"0.6985,0.6646,0.7135,0.6724",1.30340183090993e-13,0.913156984977802,2.28446414127257
2,300,4,29,20760474,"0.6468,0.6827,0.7142,0.6948",1.35891298214119e-13,0.905702885994629,3.48302245057789
2,300,4,30,20760475,"0.7032,0.7027,0.7123,0.6387",2.849276370398e-12,0.879015623579774,2.60076254107111
2,300,4,31,20760476,"0.6761,0.659,0.6833,0.6733",1.60760293965723e-13,0.906726576455376,3.0164737811167
2,300,4,32,20760477,"0.6019,0.6625,0.632,0.7385",6.51922960059892e-13,0.949921095038686,3.24548273717579
2,300,4,33,20760478,"0.6604,0.6811,0.7004,0.6754",8.43769498715119e-14,0.908683891822763,3.45592982906366
2,300,4,34,20760479,"0.7084,0.6506,0.6448,0.6484",2.61124455391837e-13,0.917707024076856,3.45112687620945
2,300,4,35,20760480,"0.6756,0.6434,0.6408,0.6477",9.85878045867139e-14,0.910142661543601,2.41848414852579
2,300,4,36,20760481,"0.6534,0.6652,0.6741,0.6381",2.57127652503186e-13,0.923187988281399,2.96754290407982
2,300,4,37,20760482,"0.6828,0.682,0.6521,0.6453",1.79412040779425e-13,0.92239215330757,2.60072815167558
2,300,4,38,20760483,"0.681,0.6602,0.6892,0.6449",1.15463194561016e-13,0.93286026437863,2.78757127508285
2,300,4,39,20760484,"0.6689,0.7146,0.6754,0.6606",4.06785716222657e-13,0.914292831351766,2.58642336233549
2,300,4,40,20760485,"0.6676,0.6165,0.6516,0.6627",2.8022029141539e-13,0.947608827392299,3.2212332109684
2,300,4,41,20760486,"0.6333,0.664,0.6644,0.6096",5.86197757002083e-14,0.896521795166121,2.38266738731163
2,300,4,42,20760487,"0.701,0.6521,0.6562,0.6271",2.30926389122033e-13,0.928685312876537,2.81111605220607
2,300,4,43,20760488,"0.634,0.6446,0.6984,0.6934",1.63424829224823e-13,0.920118753988368,3.80329854809253
2,300,4,44,20760489,"0.6684,0.6581,0.6816,0.7012",4.10338429901458e-13,0.885913036321442,2.46808794249777
2,300,4,45,20760490,"0.6368,0.626,0.6867,0.7044",1.07469588783715e-13,0.925561635295125,2.92027854099972
2,300,4,46,20760491,"0.7068,0.7164,0.699,0.6252",2.89546164822241e-13,0.914640717397326,2.66933139624535
2,300,4,47,20760492,"0.704,0.6416,0.6835,0.6823",2.62900812231237e-13,0.900243540115108,2.11257831362409
2,300,4,48,20760493,"0.6933,0.6711,0.6507,0.6506",1.57207580286922e-13,0.9254086581892,2.95141358323655
2,300,4,49,20760494,"0.7005,0.7009,0.6816,0.6583",4.63629135083465e-13,0.914697586388928,3.58889147106728
2,300,4,50,20760495,"0.6246,0.686,0.7151,0.6857",1.46549439250521e-13,0.891421122497151,5.11215389298902
2,300,4,51,20760496,"0.6793,0.703,0.6964,0.6657",3.16191517413245e-13,0.89395174471471,2.65099484137874
2,300,4,52,20760497,"0.7202,0.7037,0.7027,0.6991",7.54951656745106e-14,0.892537312370646,2.07070056710857
2,300,4,53,20760498,"0.7022,0.657,0.646,0.6908",1.4033219031262e-13,0.929461192834937,3.52995288491107
2,300,4,54,20760499,"0.6613,0.7164,0.7296,0.7294",1.00364161426114e-13,0.851144447261192,2.66921214648204
2,300,4,55,20760500,"0.6684,0.6763,0.6293,0.6551",1.51434420558871e-13,0.912655344893305,3.02630344212564
2,300,4,56,20760501,"0.6215,0.6457,0.6657,0.6924",1.78079773149875e-13,0.925799241911842,2.58752742576121
2,300,4,57,20760502,"0.7011,0.6436,0.6368,0.6684",1.73194791841524e-13,0.922936226371529,2.99024014934194
2,300,4,58,20760503,"0.6638,0.7018,0.6695,0.7085",3.78364006792253e-13,0.90546775229135,3.31292610943149
2,300,4,59,20760504,"0.6945,0.6738,0.674,0.6272",9.32587340685131e-14,0.890089354747152,2.9275918188504
2,300,4,60,20760505,"0.6951,0.6635,0.655,0.6398",1.68309810533174e-13,0.900332029437208,2.73346290010279
2,300,4,61,20760506,"0.6041,0.6266,0.6611,0.6329",2.1405099914773e-13,0.929817110380999,2.68813381258967
2,300,4,62,20760507,"0.6861,0.6491,0.7003,0.6472",2.54019028034236e-13,0.861067811440125,2.39079469359299
2,300,4,63,20760508,"0.6803,0.6616,0.6523,0.6732",1.31050725826753e-12,0.92708109390878,3.55954464123302
2,300,4,64,20760509,"0.6532,0.698,0.7222,0.637",9.59232693276135e-14,0.899462792647313,2.35231304458521
2,300,4,65,20760510,"0.6788,0.7126,0.7083,0.703",3.21520587931445e-13,0.909943432897686,3.33285396666816
2,300,4,66,20760511,"0.6439,0.6466,0.7058,0.6962",1.13864473405556e-12,0.924121656307429,2.77148838324746
2,300,4,67,20760512,"0.6657,0.6727,0.6812,0.6427",2.93098878501041e-13,0.916585266787663,3.54227219576581
2,300,4,68,20760513,"0.6404,0.6995,0.7116,0.7006",8.45989944764369e-14,0.912954571173259,3.28606587868019
2,300,4,69,20760514,"0.6782,0.663,0.6497,0.6993",2.22044604925031e-13,0.910473097140654,3.32663146410755
2,300,4,70,20760515,"0.6738,0.694,0.6772,0.6428",8.65973959207622e-14,0.886967531238053,2.52239864400485
2,300,4,71,20760516,"0.6471,0.6789,0.6553,0.6991",1.76747505520325e-13,0.920707565963891,2.9475759388956
2,300,4,72,20760517,"0.6052,0.6811,0.6817,0.6408",2.42028619368284e-13,0.935777903655878,3.13217494118753
2,300,4,73,20760518,"0.7109,0.7199,0.7025,0.6993",1.11910480882216e-13,0.90075289769806,2.00547668849307
2,300,4,74,20760519,"0.6743,0.6944,0.7127,0.7033",1.56319401867222e-13,0.899096517590738,3.07551993804222
2,300,4,75,20760520,"0.6397,0.649,0.6407,0.6628",1.19459997449667e-13,0.938369782973029,2.87557582737233
2,300,4,76,20760521,"0.681,0.6193,0.6226,0.6697",4.56634730028327e-13,0.94025827327132,2.16229589148766
2,300,4,77,20760522,"0.7019,0.6918,0.6582,0.6903",1.95399252334028e-13,0.900516616905623,2.78646496651985
2,300,4,78,20760523,"0.701,0.7035,0.6897,0.7022",1.33226762955019e-13,0.928195653649693,2.49184389116317
2,300,4,79,20760524,"0.648,0.6806,0.6232,0.6435",1.92734717074927e-13,0.930086089627121,2.49884224838776
2,300,4,80,20760525,"0.699,0.6454,0.7011,0.6791",3.5171865420125e-13,0.939182839818353,3.04152046908015
2,300,4,81,20760526,"0.7134,0.6629,0.6537,0.6276",6.96331881044898e-13,0.929401050813949,2.66935651181375
2,300,4,82,20760527,"0.6785,0.6211,0.6797,0.6306",1.02806652080289e-13,0.894177813441325,2.55794182139732
2,300,4,83,20760528,"0.6573,0.6432,0.6677,0.6662",1.26121335597418e-13,0.909990742675907,2.4118105532273
2,300,4,84,20760529,"0.621,0.6976,0.6986,0.6443",7.19424519957101e-14,0.924331602912202,2.61155471054274
2,300,4,85,20760530,"0.6802,0.6249,0.6611,0.6812",7.59392548843607e-14,0.898365960965754,2.58051840420015
2,300,4,86,20760531,"0.6717,0.6327,0.6056,0.6135",1.24344978758018e-13,0.9130731022911,2.85960509553909
2,300,4,87,20760532,"0.6677,0.7067,0.6749,0.655",2.06057393370429e-13,0.920764685399165,2.39780150852791
2,300,4,88,20760533,"0.6906,0.6483,0.6465,0.6172",1.95399252334028e-13,0.921598257993407,2.95269213271074
2,300,4,89,20760534,"0.6504,0.7063,0.6361,0.7211",1.92734717074927e-13,0.900753819464755,2.66956895118051
2,300,4,90,20760535,"0.7111,0.6854,0.6762,0.6847",9.54791801177635e-14,0.908148470616031,3.33679146072399
2,300,4,91,20760536,"0.6788,0.6733,0.6669,0.6323",1.27720056752878e-12,0.92754369619531,2.27108683455697
2,300,4,92,20760537,"0.7036,0.6735,0.6914,0.7074",4.82947015711943e-13,0.893077018243513,2.52942302150738
2,300,4,93,20760538,"0.6559,0.6293,0.6693,0.6019",1.55431223447522e-13,0.925853904767143,2.74470815967291
2,300,4,94,20760539,"0.6816,0.7235,0.6691,0.6412",1.53654866608122e-13,0.895093377782655,2.82329030903771
2,300,4,95,20760540,"0.6412,0.6963,0.6996,0.6326",1.05582209641852e-13,0.909034805165942,3.12139951237038
2,300,4,96,20760541,"0.65,0.6301,0.6752,0.7178",9.50350909079134e-14,0.904702062249899,2.47262254767822
2,300,4,97,20760542,"0.6974,0.6478,0.6652,0.6202",1.64313007644523e-13,0.930881052692202,3.16324685965749
2,300,4,98,20760543,"0.6612,0.6618,0.7056,0.6958",3.85469434149854e-13,0.924858433203125,3.54323486096234
2,300,4,99,20760544,"0.7179,0.6755,0.7029,0.6863",3.83693077310454e-13,0.88925747581584,2.11513477055096
2,300,4,100,20760545,"0.6484,0.6427,0.6869,0.7143",1.27009514017118e-13,0.897918025281898,2.42852778962554
2,500,4,1,20960446,"0.6499,0.6388,0.6236,0.638",3.67705865755852e-13,0.851540125984995,3.47969194374274
2,500,4,2,20960447,"0.628,0.6587,0.6297,0.6315",4.11226608321158e-13,0.858187363293577,2.87652391149076
2,500,4,3,20960448,"0.6412,0.6233,0.6428,0.6253",8.66862137627322e-13,0.855321120602953,2.8411577604466
2,500,4,4,20960449,"0.6486,0.6324,0.6254,0.6428",1.70308211977499e-13,0.85335652850495,2.84175317557538
2,500,4,5,20960450,"0.6523,0.641,0.629,0.6297",2.51354492775135e-13,0.839611316000426,2.23250479961215
2,500,4,6,20960451,"0.6628,0.6423,0.6196,0.632",2.62456723021387e-13,0.854526947078587,2.62013741945454
2,500,4,7,20960452,"0.6331,0.6292,0.6546,0.6464",4.41424674590962e-13,0.847370822217051,2.84398446993239
2,500,4,8,20960453,"0.609,0.6369,0.648,0.6026",3.79252185211953e-13,0.870569160682828,2.87142459978231
2,500,4,9,20960454,"0.6107,0.6347,0.6507,0.6306",1.47437617670221e-13,0.845964857009436,3.26880977922467
2,500,4,10,20960455,"0.6341,0.624,0.6191,0.626",1.91846538655227e-13,0.862111821553649,2.15856844713884
2,500,4,11,20960456,"0.6737,0.6264,0.6187,0.6295",4.39648317751562e-13,0.841201848469635,3.74255869881134
2,500,4,12,20960457,"0.6076,0.609,0.6527,0.6209",3.00204305858642e-13,0.862478030584394,2.86389065636223
2,500,4,13,20960458,"0.588,0.615,0.6345,0.6099",6.12399020383236e-13,0.873803975353792,2.87656601558794
2,500,4,14,20960459,"0.6034,0.6283,0.6182,0.6271",3.31290550548147e-13,0.860410933104888,2.47909980493201
2,500,4,15,20960460,"0.6353,0.6324,0.6441,0.6247",2.06057393370429e-13,0.869338130091742,3.20124857160129
2,500,4,16,20960461,"0.6242,0.6121,0.5987,0.6157",1.4299672557172e-13,0.844914848953918,3.36987610497467
2,500,4,17,20960462,"0.6087,0.5895,0.6049,0.6337",1.51878509768721e-12,0.861332907549617,3.42827537667374
2,500,4,18,20960463,"0.6281,0.6219,0.5986,0.6252",3.15303338993544e-13,0.876397180992207,2.86443229076405
2,500,4,19,20960464,"0.6187,0.6056,0.6644,0.649",3.07309733216243e-13,0.831111077770415,3.80968492425817
2,500,4,20,20960465,"0.6046,0.613,0.62,0.6274",2.35811370430383e-13,0.860972495339286,2.72193008447334
2,500,4,21,20960466,"0.6304,0.6259,0.5897,0.6367",3.43280959214098e-13,0.858972369253183,2.7694295703549
2,500,4,22,20960467,"0.6408,0.5983,0.6463,0.5997",9.35251875944232e-13,0.856729007156688,3.29222035053506
2,500,4,23,20960468,"0.6417,0.6325,0.6262,0.6495",2.05058192648266e-13,0.865296028607468,2.51020267644126
2,500,4,24,20960469,"0.6188,0.6043,0.6325,0.635",2.90434343241941e-13,0.875955676342678,3.30635164291368
2,500,4,25,20960470,"0.6374,0.6445,0.6121,0.612",1.72306613421824e-13,0.863407479310079,2.65007025108659
2,500,4,26,20960471,"0.653,0.6538,0.6098,0.6251",2.97539770599542e-13,0.859347897823518,3.60981466072484
2,500,4,27,20960472,"0.6245,0.6056,0.6034,0.6263",6.43041175862891e-13,0.869355239392849,3.4940761537229
2,500,4,28,20960473,"0.6253,0.623,0.6541,0.5964",1.84741111297626e-13,0.868192159935572,3.65879499285393
2,500,4,29,20960474,"0.6051,0.6344,0.6427,0.5925",2.8066438062524e-13,0.867872522322545,3.09138752700713
2,500,4,30,20960475,"0.6513,0.6317,0.6197,0.626",1.39555034195382e-13,0.856804750376157,2.21550182051837
2,500,4,31,20960476,"0.6327,0.6213,0.6357,0.6532",1.30562227695918e-13,0.878132811845659,3.16921891126405
2,500,4,32,20960477,"0.6357,0.6609,0.6298,0.6155",2.78888023785839e-13,0.859197816423697,3.00652783787123
2,500,4,33,20960478,"0.6475,0.5873,0.6041,0.6182",4.85833595575969e-13,0.871767988025037,2.54957236327209
2,500,4,34,20960479,"0.593,0.6116,0.6163,0.6549",1.76303416310475e-13,0.870049630506356,2.60176895494636
2,500,4,35,20960480,"0.6411,0.6258,0.6259,0.6474",2.59348098552437e-13,0.841973949640549,2.94499421445848
2,500,4,36,20960481,"0.6143,0.6035,0.6256,0.6418",2.41140440948584e-13,0.891088381950312,2.74266259735029
2,500,4,37,20960482,"0.6373,0.6322,0.6503,0.6276",5.24025267623074e-13,0.865458863466183,4.18459872053183
2,500,4,38,20960483,"0.6205,0.6078,0.6368,0.6838",2.65565347490337e-13,0.872931197819573,4.70690610844269
2,500,4,39,20960484,"0.6429,0.6033,0.6287,0.6481",6.96331881044898e-13,0.861673656561364,2.76631009944502
2,500,4,40,20960485,"0.6326,0.6152,0.6112,0.621",1.60760293965723e-13,0.879255937757632,2.96529222778136
2,500,4,41,20960486,"0.6378,0.609,0.641,0.6307",1.81188397618826e-13,0.838470650925759,5.32336800093404
2,500,4,42,20960487,"0.5896,0.6409,0.6509,0.6402",3.33955085807247e-13,0.850973291573839,2.60693802753434
2,500,4,43,20960488,"0.5882,0.597,0.6122,0.6327",9.45021838560933e-13,0.867960498365572,3.08341773044542
2,500,4,44,20960489,"0.6732,0.6364,0.61,0.6304",2.18935980456081e-13,0.867055711651781,2.18593600644644
2,500,4,45,20960490,"0.661,0.661,0.6251,0.633",1.71418435002124e-13,0.846672260300478,3.44285375578472
2,500,4,46,20960491,"0.6137,0.6263,0.6419,0.655",1.97175609173428e-13,0.855660141677634,2.97804955487268
2,500,4,47,20960492,"0.6349,0.6737,0.6694,0.615",2.73558953267639e-13,0.843382113397794,2.63325499790013
2,500,4,48,20960493,"0.6232,0.6276,0.6213,0.6182",5.95079541199084e-13,0.870137912153604,3.19049663428811
2,500,4,49,20960494,"0.6069,0.5921,0.6184,0.6345",3.59406948646779e-13,0.865588021966425,3.1311028807063
2,500,4,50,20960495,"0.6708,0.6501,0.6381,0.6126",3.61488616817951e-13,0.879787646302549,2.09180735077748
2,500,4,51,20960496,"0.6543,0.6206,0.6522,0.6301",2.49578135935735e-13,0.856740884266172,2.93075347797896
2,500,4,52,20960497,"0.5986,0.5886,0.6087,0.6051",1.65201186064223e-13,0.879033888469726,3.21967898600069
2,500,4,53,20960498,"0.6452,0.6132,0.635,0.6376",6.48370246381091e-13,0.853806594735501,3.07986542575376
2,500,4,54,20960499,"0.6368,0.6375,0.6626,0.6534",1.58095758706622e-13,0.85915727860843,3.54522237057812
2,500,4,55,20960500,"0.6266,0.6312,0.6562,0.6572",1.07824860151595e-12,0.857572839845036,2.71901277072163
2,500,4,56,20960501,"0.6107,0.6137,0.6206,0.6231",1.97175609173428e-13,0.869361735030146,3.3532485570302
2,500,4,57,20960502,"0.6278,0.6033,0.6058,0.604",6.23501250629488e-13,0.871737928355226,2.77463692435146
2,500,4,58,20960503,"0.6161,0.6104,0.6287,0.6388",5.46229728115577e-13,0.86082115133958,2.42029269524209
2,500,4,59,20960504,"0.627,0.6324,0.6276,0.6093",2.17825757431456e-13,0.864407064982291,2.46909490929211
2,500,4,60,20960505,"0.6508,0.6285,0.6428,0.6602",1.58983937126322e-13,0.839105366941372,2.87563122939386
2,500,4,61,20960506,"0.6254,0.6502,0.6263,0.6359",3.74811293113453e-13,0.860005390587373,3.51657667073693
2,500,4,62,20960507,"0.6319,0.6643,0.6715,0.6144",3.82804898890754e-13,0.834494114853338,3.6641538086874
2,500,4,63,20960508,"0.6472,0.599,0.6251,0.654",5.55111512312578e-13,0.852853101731885,3.30297976463181
2,500,4,64,20960509,"0.6683,0.6659,0.6416,0.6415",3.17967874252645e-13,0.852342061459258,4.67076813686497
2,500,4,65,20960510,"0.6704,0.6519,0.6645,0.6922",9.9298347322474e-13,0.852390131184084,2.41975357433523
2,500,4,66,20960511,"0.6247,0.6369,0.6394,0.63",1.12088116566156e-12,0.836100519536246,2.2914674702021
2,500,4,67,20960512,"0.5875,0.5963,0.6528,0.6513",1.80744308408975e-13,0.861472836354441,3.77741544359503
2,500,4,68,20960513,"0.6542,0.6365,0.6445,0.6457",6.19948536950687e-13,0.833509779951618,2.90366282338232
2,500,4,69,20960514,"0.626,0.6223,0.6256,0.6221",5.36459765498876e-13,0.877125180286179,3.17793385116201
2,500,4,70,20960515,"0.6334,0.6689,0.6244,0.638",5.16031661845773e-13,0.853414651399911,2.7437468051833
2,500,4,71,20960516,"0.5974,0.5974,0.6151,0.5945",1.46549439250521e-13,0.85819798943632,2.63261206482936
2,500,4,72,20960517,"0.6138,0.6296,0.6132,0.6322",8.61533067109121e-13,0.860687986636057,2.7026351207345
2,500,4,73,20960518,"0.6396,0.6084,0.6216,0.6068",3.67705865755852e-13,0.858965394696103,2.55070855639011
2,500,4,74,20960519,"0.6314,0.6217,0.6497,0.6201",3.68594044175552e-13,0.852914186151238,2.65495272382202
2,500,4,75,20960520,"0.6109,0.626,0.6394,0.5953",7.43405337289005e-13,0.859811608676854,2.41084906620645
2,500,4,76,20960521,"0.6345,0.6275,0.6085,0.6183",7.01660951563099e-13,0.860445278355743,2.80703371404719
2,500,4,77,20960522,"0.6705,0.6305,0.655,0.6303",1.99618099827603e-13,0.852363128696393,2.7957066205049
2,500,4,78,20960523,"0.6102,0.6266,0.6381,0.5951",5.00932628710871e-13,0.867753360893807,3.63414025440562
2,500,4,79,20960524,"0.6516,0.6223,0.5841,0.6073",1.11377573830396e-12,0.884153008011952,2.68240534446258
2,500,4,80,20960525,"0.6216,0.6124,0.6336,0.6352",2.47801779096335e-13,0.853444889636326,2.63398788760624
2,500,4,81,20960526,"0.6137,0.6021,0.655,0.6383",6.27942142727989e-13,0.880375170251258,3.66490331456802
2,500,4,82,20960527,"0.6161,0.6403,0.6366,0.65",2.63788990650937e-13,0.845518412779335,2.68292189361881
2,500,4,83,20960528,"0.6226,0.6518,0.6569,0.6374",3.01270119962282e-12,0.86041318646439,2.61623687107159
2,500,4,84,20960529,"0.5954,0.6292,0.6189,0.6334",7.86926079854311e-13,0.854348201225025,2.62872131240901
2,500,4,85,20960530,"0.6282,0.6019,0.6074,0.6483",1.29674049276218e-13,0.875296758288243,2.97541634097242
2,500,4,86,20960531,"0.6047,0.6266,0.6346,0.6414",9.67226299053436e-13,0.854615911247652,2.95896322000698
2,500,4,87,20960532,"0.61,0.6279,0.5897,0.6089",3.10862446895044e-13,0.858720823291838,2.68882049880359
2,500,4,88,20960533,"0.6181,0.5924,0.5861,0.6401",1.48325796089921e-13,0.858051644397427,2.68443651984229
2,500,4,89,20960534,"0.6313,0.6209,0.6231,0.6413",1.11688436277291e-13,0.875571078381972,3.83080211472279
2,500,4,90,20960535,"0.6095,0.613,0.6418,0.6389",4.73399097700167e-13,0.845578386157192,3.36169185225793
2,500,4,91,20960536,"0.6158,0.6521,0.6258,0.5601",2.34479102800833e-13,0.899259899913048,2.84553286629372
2,500,4,92,20960537,"0.6352,0.6212,0.5954,0.6103",4.36095604072761e-13,0.86513804630553,2.26444749132338
2,500,4,93,20960538,"0.6268,0.5898,0.6204,0.6254",1.96287430753728e-13,0.877855211182829,4.31318278797885
2,500,4,94,20960539,"0.6111,0.6248,0.6011,0.633",3.62376795237651e-13,0.87418917470436,2.78600459512741
2,500,4,95,20960540,"0.6574,0.6292,0.6099,0.6233",6.15507644852187e-13,0.859165136833955,2.6117409837055
2,500,4,96,20960541,"0.623,0.6427,0.6353,0.5831",3.35731442646647e-13,0.863124967097638,4.20895588530408
2,500,4,97,20960542,"0.6333,0.5758,0.6093,0.6147",2.44693154627385e-13,0.876852140637517,3.1161635567744
2,500,4,98,20960543,"0.6302,0.6484,0.6561,0.6603",1.95399252334028e-13,0.850764831852333,3.04498155123001
2,500,4,99,20960544,"0.6538,0.6105,0.6391,0.6271",3.33288951992472e-13,0.850770810537945,2.25542718546003
2,500,4,100,20960545,"0.6121,0.6238,0.6651,0.6279",4.76063632959267e-13,0.863561296927329,3.18726750684056
2,800,4,1,21260446,"0.5781,0.5702,0.5902,0.6085",4.58300064565265e-13,0.822567773588903,3.15415809356163
2,800,4,2,21260447,"0.5757,0.56,0.584,0.5794",3.41948691584548e-13,0.832893456433527,2.5381264661705
2,800,4,3,21260448,"0.6097,0.5929,0.6029,0.5923",9.69224700497762e-13,0.817201512958811,2.35323811903571
2,800,4,4,21260449,"0.6012,0.5894,0.6078,0.6101",4.2188474935756e-13,0.794647700043582,3.79535308987764
2,800,4,5,21260450,"0.5764,0.6059,0.5872,0.5881",1.17772458452237e-12,0.826407331077558,3.92189974557625
2,800,4,6,21260451,"0.5975,0.6062,0.5994,0.5942",4.06785716222657e-13,0.800630434216176,3.51512550855266
2,800,4,7,21260452,"0.6005,0.588,0.5615,0.5733",7.15871806278301e-13,0.81308826752193,2.99203871441656
2,800,4,8,21260453,"0.5911,0.5891,0.6158,0.6038",5.40900657597376e-13,0.812681514424116,2.72891013216243
2,800,4,9,21260454,"0.5742,0.5872,0.5927,0.5938",1.86517468137026e-13,0.814170510736594,3.50999321206181
2,800,4,10,21260455,"0.5945,0.5886,0.6049,0.5726",7.64721619361808e-13,0.81365230893554,2.60751912667901
2,800,4,11,21260456,"0.5944,0.6058,0.5963,0.6106",2.88657986402541e-13,0.81710455185333,2.41322312058394
2,800,4,12,21260457,"0.5986,0.5647,0.573,0.5887",6.00408611717285e-13,0.811600654710706,3.17874416464162
2,800,4,13,21260458,"0.5948,0.5785,0.5928,0.5977",5.6843418860808e-13,0.813468077659048,2.78739641735129
2,800,4,14,21260459,"0.5893,0.6049,0.6192,0.6032",3.26849658449646e-13,0.799106360859795,3.25609858206006
2,800,4,15,21260460,"0.5599,0.5989,0.5855,0.5957",2.87769807982841e-13,0.823801546866273,3.0375105763959
2,800,4,16,21260461,"0.5644,0.5885,0.6085,0.5759",7.67386154620908e-13,0.79740533645893,2.49611854179473
2,800,4,17,21260462,"0.5917,0.5855,0.6018,0.5837",3.70370401014952e-13,0.808920404138954,3.37417953104302
2,800,4,18,21260463,"0.5937,0.624,0.6116,0.6201",8.07354183507414e-13,0.793485559246935,3.06804721826084
2,800,4,19,21260464,"0.6079,0.6043,0.6026,0.5891",4.38760139331862e-13,0.819667775000187,3.68264092558457
2,800,4,20,21260465,"0.5892,0.5959,0.6043,0.6156",5.6843418860808e-13,0.812782520320082,2.92503973021958
2,800,4,21,21260466,"0.5702,0.5616,0.5948,0.6047",1.93622895494627e-12,0.815896893015061,3.141739711528
2,800,4,22,21260467,"0.5953,0.5971,0.5785,0.5986",8.30269186735677e-12,0.816536434218169,3.01797311949419
2,800,4,23,21260468,"0.5793,0.5955,0.587,0.6006",4.18332035678759e-13,0.820638788435121,3.13673753556605
2,800,4,24,21260469,"0.5984,0.5898,0.5774,0.6009",6.94777568810423e-13,0.814183932702792,2.76560898281367
2,800,4,25,21260470,"0.592,0.5883,0.576,0.5766",3.26849658449646e-13,0.82101903415864,4.7371731640054
2,800,4,26,21260471,"0.598,0.5741,0.5646,0.5885",5.54223333892878e-13,0.820790830071192,2.9072479860181
2,800,4,27,21260472,"0.583,0.5867,0.5942,0.6126",1.13686837721616e-12,0.822004162730654,3.19957805653955
2,800,4,28,21260473,"0.5942,0.5865,0.5875,0.5949",3.80140363631654e-13,0.796705844876709,2.82497006892516
2,800,4,29,21260474,"0.5824,0.5737,0.629,0.5908",8.02913291408913e-13,0.810886622870029,2.5833142457629
2,800,4,30,21260475,"0.5723,0.5946,0.5984,0.6091",3.71258579434652e-13,0.823617244247689,2.84987246984362
2,800,4,31,21260476,"0.5663,0.56,0.5968,0.5913",4.36983782492462e-13,0.820176553697953,3.01572817606646
2,800,4,32,21260477,"0.594,0.5944,0.583,0.5868",4.08562073062058e-13,0.813407421670941,3.29609110720979
2,800,4,33,21260478,"0.596,0.5903,0.5836,0.5962",3.43947093028873e-13,0.819080859908585,3.46444992596141
2,800,4,34,21260479,"0.585,0.5916,0.5964,0.6032",5.04485342389671e-13,0.833168040523853,3.28213212018472
2,800,4,35,21260480,"0.6176,0.6038,0.5868,0.5965",1.4139800441626e-12,0.808750800473943,3.12502507158468
2,800,4,36,21260481,"0.6014,0.597,0.5953,0.5788",2.98427949019242e-13,0.831601169247592,4.00514906257024
2,800,4,37,21260482,"0.57,0.6044,0.5871,0.6008",2.07833750209829e-13,0.828101252975455,3.12360091691116
2,800,4,38,21260483,"0.5868,0.6046,0.5948,0.5913",4.50306458787963e-13,0.819998341917694,3.50019887411635
2,800,4,39,21260484,"0.5688,0.6254,0.599,0.5915",4.08562073062058e-13,0.812009730577782,2.37297424473552
2,800,4,40,21260485,"0.5715,0.5631,0.5756,0.5766",5.15143483426073e-13,0.819911471297678,3.67452665193454
2,800,4,41,21260486,"0.5829,0.6078,0.6069,0.6026",1.00541797110054e-12,0.812060200024831,2.92733002820489
2,800,4,42,21260487,"0.6073,0.5838,0.5619,0.5764",6.21502849185163e-13,0.801891866311878,3.85873958558688
2,800,4,43,21260488,"0.5791,0.5943,0.6028,0.5928",3.20188320301895e-13,0.817373748217186,2.82195986053944
2,800,4,44,21260489,"0.6,0.5905,0.5922,0.5935",2.27018404075352e-12,0.829213727536978,3.55139183178326
2,800,4,45,21260490,"0.6054,0.6054,0.6173,0.6086",7.8337336617551e-13,0.811637629791344,2.63685518585425
2,800,4,46,21260491,"0.5739,0.5574,0.5998,0.5962",5.25801624462474e-13,0.828265105728035,3.59866233552756
2,800,4,47,21260492,"0.5739,0.5904,0.5862,0.6127",3.5349501104065e-13,0.817373210890773,2.80137758726992
2,800,4,48,21260493,"0.5798,0.6147,0.6036,0.6234",2.69784194983913e-12,0.814648878441653,3.03403379907646
2,800,4,49,21260494,"0.5735,0.5671,0.5705,0.6224",5.58664225991379e-13,0.828252642814069,2.62994583977715
2,800,4,50,21260495,"0.6074,0.595,0.5705,0.5826",6.3682392692499e-13,0.811972144775923,2.56424395018094
2,800,4,51,21260496,"0.595,0.5863,0.5936,0.5876",2.19380069665931e-13,0.813104483261146,2.87961298606196
2,800,4,52,21260497,"0.5972,0.5835,0.5808,0.6051",6.62581101096293e-13,0.804828995949477,2.99588616470056
2,800,4,53,21260498,"0.5868,0.6054,0.5926,0.5941",8.40216785036318e-13,0.822813103371805,3.02855658188354
2,800,4,54,21260499,"0.5782,0.5889,0.5879,0.6151",2.54907206453936e-13,0.811334461784375,2.72468643458097
2,800,4,55,21260500,"0.5678,0.5931,0.5813,0.6053",6.87450096847897e-13,0.804586505703509,2.68583272445658
2,800,4,56,21260501,"0.5609,0.5787,0.5819,0.5734",4.70734562441066e-13,0.815686863299491,2.55557590694848
2,800,4,57,21260502,"0.591,0.6057,0.597,0.5903",4.2454928461666e-13,0.791461047305197,3.38190436315447
2,800,4,58,21260503,"0.6082,0.5908,0.5864,0.5997",1.12354570092066e-12,0.831154403145055,2.94950075227266
2,800,4,59,21260504,"0.5969,0.5682,0.5919,0.5989",2.8244073746464e-13,0.81616732026075,2.50549148102922
2,800,4,60,21260505,"0.6142,0.6083,0.6,0.6082",5.41788836017076e-13,0.808709262225459,2.92351395690924
2,800,4,61,21260506,"0.6068,0.583,0.6005,0.6089",1.25055521493778e-12,0.8223501424091,3.54819859491685
2,800,4,62,21260507,"0.5778,0.5913,0.5693,0.5824",4.40536496171262e-13,0.808394609920467,3.17283690732545
2,800,4,63,21260508,"0.6096,0.6126,0.5952,0.5719",5.87974113841483e-13,0.808314415000115,3.90268600736443
2,800,4,64,21260509,"0.594,0.5614,0.5901,0.5925",3.73479025483903e-13,0.824068678534501,2.78155543480457
2,800,4,65,21260510,"0.5711,0.593,0.5793,0.566",3.73923114693753e-13,0.818609969361345,3.06482257850555
2,800,4,66,21260511,"0.5894,0.5856,0.594,0.601",5.25801624462474e-13,0.819401184546164,2.84654286401783
2,800,4,67,21260512,"0.6003,0.596,0.5847,0.6036",5.87085935421783e-13,0.80762377882524,4.13298631795202
2,800,4,68,21260513,"0.5757,0.5763,0.6024,0.5978",2.40696351738734e-13,0.811314175368171,4.34597356438118
2,800,4,69,21260514,"0.5948,0.5834,0.5969,0.5724",2.54907206453936e-13,0.816076274537333,2.91703291930438
2,800,4,70,21260515,"0.5755,0.5613,0.6029,0.5875",2.55795384873636e-13,0.834149497497736,2.86300320067138
2,800,4,71,21260516,"0.5674,0.6013,0.5879,0.6023",5.38236122338276e-13,0.809885955222716,2.73092627584768
2,800,4,72,21260517,"0.5998,0.5738,0.5685,0.5718",3.10862446895044e-13,0.814323362535286,2.2429351097237
2,800,4,73,21260518,"0.5995,0.5967,0.5482,0.5956",3.94129173741931e-13,0.805741643932946,3.36894369008791
2,800,4,74,21260519,"0.6015,0.5844,0.5632,0.5687",2.04281036531029e-13,0.817846378552443,3.30369498460252
2,800,4,75,21260520,"0.5923,0.6004,0.5954,0.5992",4.60520510614515e-13,0.819416507853292,2.60279904593419
2,800,4,76,21260521,"0.6141,0.5878,0.5949,0.6032",2.96651592179842e-13,0.81962697971217,3.14606822375007
2,800,4,77,21260522,"0.6127,0.5862,0.5859,0.5796",3.92574861507455e-13,0.809168806639789,2.9635712822807
2,800,4,78,21260523,"0.6038,0.5945,0.5797,0.617",4.68958205601666e-13,0.816339813737755,2.50932601104816
2,800,4,79,21260524,"0.5878,0.6137,0.5824,0.5839",7.65609797781508e-13,0.824748723013146,2.42663959468404
2,800,4,80,21260525,"0.5974,0.5696,0.5898,0.5653",1.03828057262945e-12,0.826847720578273,2.66730215747256
2,800,4,81,21260526,"0.6076,0.5976,0.5561,0.5833",3.17967874252645e-13,0.825661505526244,3.03668584610014
2,800,4,82,21260527,"0.5737,0.5696,0.569,0.58",8.40216785036318e-13,0.819346249290609,3.65575604265926
2,800,4,83,21260528,"0.5939,0.5994,0.5855,0.5851",4.05897537802957e-13,0.823088312727194,3.58127391956268
2,800,4,84,21260529,"0.596,0.5895,0.6091,0.5767",7.17648163117701e-13,0.805758076319365,2.97740887197492
2,800,4,85,21260530,"0.5893,0.5959,0.6026,0.6157",1.3935519405095e-12,0.814226363447282,3.22496039506619
2,800,4,86,21260531,"0.5908,0.5978,0.5969,0.591",5.00932628710871e-13,0.794792978940596,2.44722401131516
2,800,4,87,21260532,"0.5727,0.5795,0.5974,0.5873",6.76791955811495e-13,0.817455448534579,2.99214106268794
2,800,4,88,21260533,"0.5952,0.6022,0.5892,0.595",4.52082815627364e-13,0.803002326981215,3.02489845241861
2,800,4,89,21260534,"0.5949,0.5829,0.569,0.5882",2.40252262528884e-13,0.813543931658343,3.88956845166997
2,800,4,90,21260535,"0.616,0.5952,0.582,0.6044",9.52127265918534e-13,0.811360305957851,3.40517498586821
2,800,4,91,21260536,"0.5866,0.5816,0.5762,0.5694",1.54276591501912e-12,0.808909894925313,3.46137985004404
2,800,4,92,21260537,"0.5902,0.5714,0.5595,0.5647",4.72510919280467e-13,0.807533338922024,3.28933648003161
2,800,4,93,21260538,"0.5932,0.6229,0.5876,0.6031",5.04485342389671e-13,0.808861356293689,2.90207142722343
2,800,4,94,21260539,"0.5819,0.5834,0.5818,0.5784",3.97903932025656e-13,0.816469441422059,4.21852481800917
2,800,4,95,21260540,"0.5831,0.6173,0.5715,0.5762",1.10667031094636e-12,0.79608283608035,2.58864550764313
2,800,4,96,21260541,"0.5693,0.572,0.6119,0.592",3.62376795237651e-13,0.813768099184719,4.17740092295464
2,800,4,97,21260542,"0.5936,0.5795,0.5918,0.5968",2.64677169070637e-13,0.817199422949733,2.78685601064543
2,800,4,98,21260543,"0.5997,0.6053,0.5873,0.5867",8.3411055840088e-13,0.819625990539216,2.95323500867276
2,800,4,99,21260544,"0.5857,0.5911,0.577,0.6006",8.26894108740817e-13,0.810960403488281,2.79007827443413
2,800,4,100,21260545,"0.5879,0.5815,0.6039,0.5918",4.44977388269763e-13,0.820202988409846,3.11841354990812
