"case","n","replication","total_iterations_direct","total_iterations_mst","reduction"
1,300,1,64671,22653,0.649719348703437
1,300,10,67213,21903,0.674125541189948
1,300,100,67240,21205,0.684637120761451
1,300,11,62019,20568,0.668359696222125
1,300,12,62494,20892,0.665695906807053
1,300,13,59490,20367,0.657639939485628
1,300,14,60102,21218,0.646966823067452
1,300,15,60942,21238,0.651504709395819
1,300,16,60889,21889,0.640509780091642
1,300,17,66247,22440,0.661267680045889
1,300,18,66919,20973,0.686591252110761
1,300,19,66240,21258,0.679076086956522
1,300,2,64308,21383,0.667490825402749
1,300,20,71173,21582,0.696767032442078
1,300,21,65101,22774,0.650174344480116
1,300,22,66640,20505,0.692301920768307
1,300,23,65241,21474,0.670851151883018
1,300,24,63955,22407,0.649644281135173
1,300,25,62410,22759,0.635330876462106
1,300,26,61689,19837,0.678435377457894
1,300,27,65763,20287,0.691513465018323
1,300,28,69523,20024,0.711980207988723
1,300,29,64121,22292,0.65234478563965
1,300,3,69843,22237,0.68161447818679
1,300,30,61880,22783,0.631819650937298
1,300,31,61340,21111,0.655836322138898
1,300,32,66196,22745,0.656399178198078
1,300,33,63539,22125,0.651788665229229
1,300,34,68103,20850,0.693846086075503
1,300,35,58961,21677,0.632350197588236
1,300,36,60162,21173,0.648066886074266
1,300,37,67042,20426,0.695325318457087
1,300,38,65867,21521,0.673265823553524
1,300,39,61603,22108,0.64112137395906
1,300,4,62381,22830,0.634023180134977
1,300,40,65742,22193,0.66242280429558
1,300,41,69241,19737,0.714952123741714
1,300,42,67362,21603,0.679299902021911
1,300,43,63584,21286,0.665230246602919
1,300,44,67765,21814,0.678093411052903
1,300,45,63263,19304,0.694861135260737
1,300,46,65753,20500,0.688227153133697
1,300,47,68021,19880,0.707737316416989
1,300,48,71329,22504,0.684504198853201
1,300,49,66096,22659,0.657180464778504
1,300,5,70970,20757,0.707524306044808
1,300,50,67682,22886,0.661859874117195
1,300,51,61001,22227,0.635628924115998
1,300,52,63802,21755,0.659023228111971
1,300,53,64330,22917,0.643758743976372
1,300,54,62021,21771,0.648973734702762
1,300,55,64873,21874,0.662818121560588
1,300,56,63900,23119,0.638200312989045
1,300,57,62258,21049,0.66190690353047
1,300,58,60831,21786,0.641860235735069
1,300,59,66110,22127,0.665300257147179
1,300,6,65080,22049,0.66120159803319
1,300,60,65195,21049,0.677137817317279
1,300,61,69766,21199,0.696141386921996
1,300,62,58525,22096,0.62245194361384
1,300,63,68815,21802,0.68317953934462
1,300,64,69058,22198,0.678560050971647
1,300,65,64188,22628,0.64747304792173
1,300,66,70148,23771,0.661130752124081
1,300,67,64054,19875,0.689714928029475
1,300,68,68627,21997,0.679470179375465
1,300,69,66178,20175,0.695140378977908
1,300,7,65942,21194,0.67859634224015
1,300,70,61706,22384,0.637247593426895
1,300,71,65073,22448,0.655033577674304
1,300,72,69731,21762,0.687914987595187
1,300,73,66133,21637,0.6728259719051
1,300,74,68131,22535,0.669240140317917
1,300,75,67302,21699,0.677587590264777
1,300,76,62907,22441,0.643267045002941
1,300,77,67647,21782,0.678004937395598
1,300,78,64330,21824,0.660749261619773
1,300,79,67433,21055,0.687764151083297
1,300,8,66070,22130,0.66505221734524
1,300,80,66047,21931,0.667948582070344
1,300,81,64995,20449,0.685375798138318
1,300,82,62013,22784,0.632593165949075
1,300,83,59029,22059,0.626302325975368
1,300,84,63266,22129,0.650222868523378
1,300,85,62707,20617,0.671216929529399
1,300,86,67275,20774,0.691207729468599
1,300,87,65466,22135,0.661885558916079
1,300,88,62756,23076,0.632290139588247
1,300,89,65664,20572,0.686708089668616
1,300,9,68571,21552,0.685698035612723
1,300,90,65047,21489,0.669638876504681
1,300,91,64480,20814,0.67720223325062
1,300,92,63956,21952,0.656764025267371
1,300,93,62002,20804,0.66446243669559
1,300,94,62142,21623,0.652038878697177
1,300,95,62462,20842,0.666325125676411
1,300,96,64366,21427,0.66710685765777
1,300,97,64315,21923,0.659130840394931
1,300,98,64877,22858,0.647671748077131
1,300,99,63717,20847,0.67281887094496
1,500,1,186231,55110,0.704077194452051
1,500,10,174844,54853,0.686274621948709
1,500,100,184414,53920,0.707614389363064
1,500,11,174245,54998,0.684363970271744
1,500,12,163487,56259,0.655880895728712
1,500,13,182922,53915,0.705256885448442
1,500,14,180449,56092,0.689153167931105
1,500,15,174072,51806,0.702387517808723
1,500,16,183467,53312,0.709419132596053
1,500,17,174094,54513,0.686876055464289
1,500,18,163025,53129,0.674105198589174
1,500,19,178185,55724,0.687268849790948
1,500,2,184036,49964,0.728509639418375
1,500,20,175957,52858,0.699597060645499
1,500,21,172698,54068,0.686921678305481
1,500,22,181974,55126,0.697066613911878
1,500,23,171684,51314,0.701113673959134
1,500,24,178730,53798,0.698998489341465
1,500,25,173507,54854,0.683851371990755
1,500,26,181461,53569,0.704790561057197
1,500,27,177969,54011,0.69651456152476
1,500,28,174128,52428,0.698911145823762
1,500,29,185281,54682,0.704869900313578
1,500,3,176205,51468,0.707908402145229
1,500,30,171835,51705,0.699100881659732
1,500,31,178793,54292,0.69634157936832
1,500,32,176821,52091,0.705402638826836
1,500,33,159201,53118,0.66634631692012
1,500,34,180857,52455,0.709964225880115
1,500,35,167299,53037,0.682980770954997
1,500,36,166785,52089,0.687687741703391
1,500,37,165584,56013,0.661724562759687
1,500,38,182020,51917,0.714773101856939
1,500,39,175845,53569,0.695362393016577
1,500,4,182306,54455,0.701298915011025
1,500,40,171381,51804,0.697726118998022
1,500,41,166759,53068,0.6817683003616
1,500,42,179829,51212,0.715218346317891
1,500,43,168773,55443,0.67149366308592
1,500,44,182874,56891,0.68890602272603
1,500,45,186016,53334,0.713282728367452
1,500,46,174413,54606,0.686915539552671
1,500,47,173061,52769,0.695084392208528
1,500,48,175666,51781,0.70523038038095
1,500,49,159355,52493,0.670590819240061
1,500,5,176521,53599,0.696359073424692
1,500,50,178813,56972,0.681387818559053
1,500,51,190158,55662,0.707285520461932
1,500,52,178817,52993,0.703646744996281
1,500,53,171549,53673,0.687127293076614
1,500,54,176785,53935,0.694911898633934
1,500,55,177386,52112,0.706222588028367
1,500,56,173090,54309,0.686238373100699
1,500,57,180367,54525,0.697699690076344
1,500,58,175690,57379,0.673407706756218
1,500,59,175497,50672,0.711265719641931
1,500,6,175141,54806,0.68707498529756
1,500,60,174000,56721,0.67401724137931
1,500,61,175278,53403,0.695323999589224
1,500,62,176460,55230,0.68701122067324
1,500,63,185787,53083,0.714280331777789
1,500,64,179146,55705,0.689052504661003
1,500,65,184666,57096,0.690814768284362
1,500,66,172432,55109,0.680401549596363
1,500,67,186288,50791,0.727352271751267
1,500,68,161497,52988,0.671894833959764
1,500,69,168437,56130,0.666759678692924
1,500,7,170565,53607,0.685709260399261
1,500,70,172857,54371,0.685456764840302
1,500,71,177746,54345,0.694254723031742
1,500,72,190697,52466,0.72487244162205
1,500,73,180007,52111,0.710505702556012
1,500,74,174344,52819,0.697041481209563
1,500,75,182029,51605,0.716501216839075
1,500,76,185663,53963,0.709349735811659
1,500,77,180499,53637,0.702840458949911
1,500,78,179764,53765,0.700913419817094
1,500,79,178526,54209,0.696352352038359
1,500,8,171340,56168,0.672183961713552
1,500,80,176354,55488,0.685360127924515
1,500,81,177503,58263,0.671763294141507
1,500,82,178071,53833,0.697688000853592
1,500,83,180319,53571,0.702909843111375
1,500,84,181467,53507,0.705141981737726
1,500,85,172564,51052,0.704156139171554
1,500,86,184601,57660,0.687650662780808
1,500,87,179532,51691,0.712079183655282
1,500,88,167904,52480,0.687440442157423
1,500,89,173888,55129,0.682962596613912
1,500,9,158886,51561,0.675484309504928
1,500,90,176499,52672,0.70157338001915
1,500,91,181341,53323,0.705951770421471
1,500,92,173246,53561,0.690838460916847
1,500,93,177972,52439,0.705352527363855
1,500,94,176277,51019,0.71057483392615
1,500,95,168787,53525,0.682884345358351
1,500,96,171320,55913,0.673634134952136
1,500,97,191490,50228,0.737699096558567
1,500,98,181841,55118,0.696889040425427
1,500,99,174056,54248,0.688330192581698
1,800,1,444443,123184,0.722835099214072
1,800,10,452710,120391,0.734065958339776
1,800,100,445241,124475,0.720432305201004
1,800,11,437054,121954,0.720963542262512
1,800,12,458578,123931,0.729749355616711
1,800,13,446514,125528,0.718871076830738
1,800,14,440392,129134,0.706774873294701
1,800,15,446633,122022,0.726795825655516
1,800,16,454919,121425,0.733084351280118
1,800,17,422832,120547,0.714905683581186
1,800,18,453243,115606,0.744935939440874
1,800,19,440907,119241,0.729555212323687
1,800,2,464960,126391,0.728168014452856
1,800,20,455160,126886,0.721227700149398
1,800,21,444242,126280,0.715740519806772
1,800,22,453112,120816,0.733363936510179
1,800,23,429923,123912,0.71178094682071
1,800,24,420626,122998,0.707583458939771
1,800,25,419499,128468,0.69375850717165
1,800,26,433961,127680,0.705780012489602
1,800,27,467615,126226,0.730064262267036
1,800,28,458467,123360,0.730929379868126
1,800,29,441736,121888,0.724070485538874
1,800,3,437397,116899,0.732739364924771
1,800,30,450346,124519,0.723503706039356
1,800,31,435820,124631,0.714031021981552
1,800,32,440850,126568,0.712900079392083
1,800,33,447693,129924,0.709792201352266
1,800,34,439328,122871,0.72032058052298
1,800,35,425579,128677,0.697642505856727
1,800,36,460133,123133,0.732396937407228
1,800,37,431312,129360,0.700077901843677
1,800,38,430025,127177,0.704256729259927
1,800,39,469951,126360,0.731120904094257
1,800,4,432613,125911,0.70895234308724
1,800,40,456086,126945,0.721664335235021
1,800,41,442158,129696,0.706674989483397
1,800,42,452861,126052,0.721654105785219
1,800,43,435795,127704,0.706963136337039
1,800,44,443298,123127,0.722247788169583
1,800,45,436796,118492,0.728724622020348
1,800,46,441559,126548,0.713406362456659
1,800,47,443561,124751,0.718751197693215
1,800,48,434992,128162,0.705369294147938
1,800,49,455976,125061,0.725728985736091
1,800,5,448559,131859,0.706038670498195
1,800,50,430951,124312,0.711540291123585
1,800,51,439408,129729,0.704764137202782
1,800,52,442387,127735,0.711259598496339
1,800,53,428662,123173,0.712657058474976
1,800,54,452667,127630,0.718048808506032
1,800,55,424227,124892,0.705601010779606
1,800,56,459106,127129,0.723094448776535
1,800,57,466310,128643,0.724125581694581
1,800,58,461324,121832,0.73590795189498
1,800,59,445169,125092,0.719001098459237
1,800,6,441815,117854,0.733250342337856
1,800,60,411398,125939,0.693875517139121
1,800,61,463394,125122,0.729987872091568
1,800,62,422775,130201,0.692032404943528
1,800,63,458707,122153,0.73370146956554
1,800,64,439815,120871,0.725177631504155
1,800,65,444723,129221,0.709434861700429
1,800,66,450530,126765,0.71863138969658
1,800,67,453582,134316,0.703877137981666
1,800,68,430239,128748,0.70075237251853
1,800,69,430076,123271,0.713373915307992
1,800,7,424975,131054,0.691619507029825
1,800,70,425745,121835,0.713831049102162
1,800,71,448196,125864,0.719176431739685
1,800,72,447042,127276,0.715292970235459
1,800,73,457182,126001,0.724396411057303
1,800,74,436059,121959,0.720315370167798
1,800,75,412235,125935,0.694506774048783
1,800,76,442254,123113,0.721623772764068
1,800,77,466804,128458,0.724813840498368
1,800,78,446057,121757,0.727037127541996
1,800,79,429863,121082,0.718324210271645
1,800,8,460247,127603,0.722751044547819
1,800,80,439150,123480,0.718820448593875
1,800,81,426240,131251,0.692072541291291
1,800,82,452184,127657,0.717687932346125
1,800,83,439776,122507,0.721433184166485
1,800,84,428732,126510,0.704920556431524
1,800,85,424142,122480,0.711228786585625
1,800,86,423801,123889,0.70767176103879
1,800,87,450499,122092,0.728984969999933
1,800,88,474613,124461,0.737763188113263
1,800,89,424757,127458,0.699927252523207
1,800,9,455828,120605,0.735415551479944
1,800,90,430153,124186,0.711298073011231
1,800,91,448846,122142,0.727875485132986
1,800,92,441586,130196,0.705162754253984
1,800,93,456232,128305,0.71877246663978
1,800,94,448400,128040,0.714451382694023
1,800,95,428336,119974,0.71990680213664
1,800,96,432626,124213,0.712885956923532
1,800,97,448011,120918,0.730100376999672
1,800,98,455956,123753,0.728585653001605
1,800,99,434760,123851,0.715127886650106
2,300,1,51367,15699,0.694375766542722
2,300,10,50125,16658,0.667670822942643
2,300,100,50852,15157,0.701938960119563
2,300,11,46967,16385,0.651138033087061
2,300,12,53992,14919,0.723681286116462
2,300,13,49122,15414,0.686209844876023
2,300,14,51923,15883,0.69410473200701
2,300,15,45203,14722,0.674313651748778
2,300,16,50459,15956,0.683782873223805
2,300,17,48435,17525,0.63817487354186
2,300,18,44972,14829,0.670261496041982
2,300,19,42562,14326,0.663408674404398
2,300,2,46958,15184,0.676647216661698
2,300,20,49276,14457,0.706611737965744
2,300,21,48598,15617,0.678649327132804
2,300,22,51855,15964,0.692141548548838
2,300,23,48915,16145,0.669937646938567
2,300,24,47198,16518,0.65002754353998
2,300,25,47187,15588,0.66965477779897
2,300,26,52524,16224,0.691112634224355
2,300,27,53850,16269,0.697883008356546
2,300,28,48385,14611,0.698026247804072
2,300,29,45453,14930,0.671528831980287
2,300,3,51504,15637,0.696392513202858
2,300,30,41907,13458,0.678860333595819
2,300,31,47165,14740,0.687480122972543
2,300,32,47305,16360,0.65415917979072
2,300,33,47414,15149,0.680495212384528
2,300,34,49582,16397,0.669295308781413
2,300,35,54309,15450,0.715516765177042
2,300,36,50491,16775,0.667762571547404
2,300,37,45334,15507,0.657938853840385
2,300,38,48545,16030,0.669790915645278
2,300,39,48981,15485,0.68385700577775
2,300,4,46368,15457,0.666645100069013
2,300,40,52735,17397,0.670105243197118
2,300,41,44905,14603,0.674802360538916
2,300,42,46585,14764,0.683073950842546
2,300,43,50349,16930,0.663747045621562
2,300,44,47088,14927,0.682997791369351
2,300,45,50316,15430,0.693338103187853
2,300,46,48970,13987,0.714376148662446
2,300,47,47126,16204,0.656155837541909
2,300,48,52957,15716,0.703230923201843
2,300,49,45985,14003,0.695487659019245
2,300,5,50712,15794,0.68855497712573
2,300,50,49779,14300,0.712730267783604
2,300,51,45335,15034,0.668379838976508
2,300,52,45583,14470,0.682557093653336
2,300,53,46870,15450,0.670364838916151
2,300,54,42085,12509,0.702768207199715
2,300,55,47412,15566,0.671686492871003
2,300,56,48595,16127,0.668134581747093
2,300,57,50111,16579,0.669154477060925
2,300,58,48781,14568,0.701359135729075
2,300,59,45625,15598,0.65812602739726
2,300,6,51363,16286,0.682923505246968
2,300,60,46216,14622,0.683616063700883
2,300,61,46811,15697,0.66467283330841
2,300,62,49244,12759,0.740902444967915
2,300,63,49056,16232,0.6691128506197
2,300,64,45301,13858,0.694090638175758
2,300,65,48788,15311,0.686172829384275
2,300,66,49474,15575,0.685188179649917
2,300,67,51700,15979,0.690928433268859
2,300,68,48840,14466,0.703808353808354
2,300,69,44565,15213,0.658633456748569
2,300,7,50253,15256,0.696416134360138
2,300,70,48516,15113,0.688494517272652
2,300,71,50502,15368,0.695695219991287
2,300,72,51636,16265,0.685006584553412
2,300,73,47793,14663,0.693197748624276
2,300,74,48711,13617,0.720453285705488
2,300,75,49892,16466,0.669967128998637
2,300,76,49886,17346,0.652287214849858
2,300,77,53689,15306,0.714913669466744
2,300,78,46883,15408,0.671352089243436
2,300,79,49031,16353,0.666476310905346
2,300,8,44426,14465,0.674402376986449
2,300,80,53608,16650,0.689412028055514
2,300,81,50028,15961,0.680958663148637
2,300,82,48532,15165,0.687525756202093
2,300,83,44527,14680,0.670312394726795
2,300,84,44658,16353,0.633817009270455
2,300,85,52652,15561,0.704455671199575
2,300,86,47466,15207,0.679623309316142
2,300,87,47930,15602,0.674483621948675
2,300,88,52818,16747,0.682930061721383
2,300,89,48413,13454,0.722099436101873
2,300,9,47537,15867,0.666217893430381
2,300,90,47631,14892,0.687346476034515
2,300,91,53259,15776,0.703787153344975
2,300,92,45154,14669,0.675133985914869
2,300,93,46810,15501,0.668852809228797
2,300,94,45952,14543,0.68351758356546
2,300,95,51952,15796,0.695950107791808
2,300,96,49944,15326,0.693136312670191
2,300,97,50064,16277,0.674876158517098
2,300,98,48748,15739,0.677135472224502
2,300,99,47319,13308,0.718759906168769
2,500,1,130933,34775,0.73440614665516
2,500,10,131430,38876,0.704207562961272
2,500,100,124798,40013,0.679377874645427
2,500,11,137800,37799,0.725696661828737
2,500,12,132655,39392,0.703049263126154
2,500,13,134285,37986,0.717124027255464
2,500,14,123431,35619,0.711425816853141
2,500,15,144479,36010,0.750759625966403
2,500,16,128391,34833,0.728695936631072
2,500,17,126386,39837,0.684798949250708
2,500,18,133737,39152,0.707246311791053
2,500,19,126859,35549,0.719775498782112
2,500,2,132066,33184,0.748731694758681
2,500,20,125121,39924,0.680916872467451
2,500,21,133638,40354,0.698034990047741
2,500,22,122613,36319,0.703791604479133
2,500,23,129662,32855,0.746610417855655
2,500,24,135799,39692,0.707715078903379
2,500,25,131033,38139,0.708935916906428
2,500,26,134192,39163,0.708156969118874
2,500,27,126988,37624,0.703720036538886
2,500,28,137523,37083,0.730350559542767
2,500,29,120929,38396,0.682491379239058
2,500,3,138325,39175,0.716790168082415
2,500,30,137067,35876,0.738259391392531
2,500,31,129283,40231,0.688814461298082
2,500,32,134388,35674,0.734544751019436
2,500,33,141489,38334,0.729067277314844
2,500,34,136265,39353,0.711202436429017
2,500,35,135279,37250,0.724643144907931
2,500,36,143209,41502,0.710199777946917
2,500,37,123845,40385,0.673906899753724
2,500,38,131378,38355,0.708056143342112
2,500,39,127354,36628,0.712392229533427
2,500,4,129512,36234,0.720226697140033
2,500,40,135944,37879,0.721363208379921
2,500,41,132533,38322,0.710849373363615
2,500,42,133693,37415,0.72014241583329
2,500,43,131804,39241,0.70227762435131
2,500,44,118307,35703,0.698217349776429
2,500,45,131572,34366,0.738804608883349
2,500,46,122827,36727,0.700985939573546
2,500,47,133312,35214,0.73585273643783
2,500,48,141921,38598,0.728031792335172
2,500,49,140513,39005,0.72241002611858
2,500,5,129618,37281,0.712377910475397
2,500,50,133514,36958,0.723190077445062
2,500,51,141862,36531,0.74248917962527
2,500,52,132342,40300,0.695485937948648
2,500,53,139646,36353,0.739677470174584
2,500,54,131129,38251,0.708294885189394
2,500,55,128597,33005,0.743345490174732
2,500,56,134467,40233,0.700796477946262
2,500,57,129888,37896,0.708240946045824
2,500,58,145410,37645,0.741111340347982
2,500,59,136263,39971,0.706662850517015
2,500,6,146082,38036,0.739625689681138
2,500,60,135688,34678,0.744428394552208
2,500,61,129939,34159,0.737115107858303
2,500,62,126203,35227,0.720870343811161
2,500,63,128372,37923,0.704585112018197
2,500,64,133567,36449,0.7271107384309
2,500,65,128344,34998,0.727310976749984
2,500,66,134349,38019,0.717013152312261
2,500,67,140097,38036,0.728502394769338
2,500,68,132509,34632,0.738644167565977
2,500,69,133509,38778,0.709547670943532
2,500,7,118688,36909,0.689025006740361
2,500,70,131874,35549,0.730432079105813
2,500,71,134126,41508,0.690529800336997
2,500,72,143306,39699,0.72297740499351
2,500,73,140463,38442,0.72631938660003
2,500,74,137994,39461,0.714038291519921
2,500,75,125665,35502,0.7174869693232
2,500,76,140841,36820,0.738570444685851
2,500,77,131769,36350,0.724138454416441
2,500,78,137762,36801,0.732865376518924
2,500,79,134793,40421,0.700125377430579
2,500,8,142725,39338,0.724379050621825
2,500,80,138403,39142,0.717188211238196
2,500,81,130051,39908,0.693135769813381
2,500,82,131436,36978,0.71866155391217
2,500,83,126711,39446,0.688693167917545
2,500,84,134377,36512,0.728286834800598
2,500,85,124594,39774,0.680771144677914
2,500,86,129926,35784,0.72458168495913
2,500,87,132928,37367,0.718892934520944
2,500,88,124968,38828,0.689296459893733
2,500,89,122935,38751,0.684784642290641
2,500,9,133262,35161,0.736151340967418
2,500,90,126597,37327,0.705150990939754
2,500,91,137090,40141,0.707192355386972
2,500,92,140792,37280,0.735212227967498
2,500,93,136526,39798,0.708495085185239
2,500,94,124573,37817,0.6964269946136
2,500,95,126006,36440,0.7108074218688
2,500,96,141684,35027,0.752780836227097
2,500,97,133766,38239,0.714135131498288
2,500,98,123650,33478,0.729251920744036
2,500,99,133864,37613,0.719020797227036
2,800,1,370702,84903,0.770966976169538
2,800,10,327055,91185,0.721193683019676
2,800,100,322467,91789,0.715353819150487
2,800,11,342449,82728,0.758422422024885
2,800,12,327940,89162,0.728114899066902
2,800,13,347671,86473,0.751279226625172
2,800,14,356515,81865,0.770374318051134
2,800,15,323764,84611,0.738664582844294
2,800,16,324678,81653,0.748510832270742
2,800,17,327433,83829,0.743981211423406
2,800,18,303048,87699,0.710610200364299
2,800,19,339693,89714,0.735896824485639
2,800,2,348899,89181,0.744393076506382
2,800,20,313550,82211,0.73780577260405
2,800,21,333105,83772,0.748511730535417
2,800,22,336378,81708,0.757094697037262
2,800,23,320484,83812,0.738483044395352
2,800,24,331500,86727,0.738380090497738
2,800,25,317937,86592,0.727644155917682
2,800,26,332784,84836,0.745071878455695
2,800,27,327888,83646,0.744894598155468
2,800,28,309211,81366,0.736859296726184
2,800,29,316088,85445,0.729679709448002
2,800,3,340726,87763,0.742423530931012
2,800,30,336581,84230,0.74974820325568
2,800,31,300612,87494,0.708947081287507
2,800,32,329736,85823,0.739722080694859
2,800,33,303233,87270,0.712201508411024
2,800,34,338113,91522,0.729315347235983
2,800,35,345162,85900,0.751131352814041
2,800,36,318577,89585,0.718796397731161
2,800,37,345968,90060,0.73968690745965
2,800,38,328602,84070,0.744158586983646
2,800,39,329166,85683,0.739696687993292
2,800,4,358980,80209,0.776564153991866
2,800,40,340567,87704,0.742476517102362
2,800,41,337323,86944,0.74225297415237
2,800,42,378803,80834,0.786606758658194
2,800,43,339098,82453,0.756846103486308
2,800,44,336576,88158,0.738074015972618
2,800,45,348247,86634,0.751228294859683
2,800,46,354464,87581,0.752919901597906
2,800,47,331946,84284,0.746091231706362
2,800,48,338193,83474,0.753176440671451
2,800,49,353489,88836,0.748688077988283
2,800,5,325484,85052,0.738690688328766
2,800,50,353319,83490,0.763697961332394
2,800,51,351281,83439,0.762472208858435
2,800,52,346181,83787,0.757967652759683
2,800,53,300115,88233,0.706002698965397
2,800,54,347881,84726,0.756451200266758
2,800,55,325935,82841,0.745835826161658
2,800,56,319821,83061,0.740289099214873
2,800,57,330740,81370,0.753975932756848
2,800,58,325581,85111,0.738587325427467
2,800,59,321841,88817,0.724034538794001
2,800,6,333833,86502,0.740882417256532
2,800,60,339789,81496,0.760157038632799
2,800,61,336985,85870,0.74518153627016
2,800,62,333190,89716,0.730736216573126
2,800,63,313035,79286,0.746718418068267
2,800,64,337210,88678,0.737024406156401
2,800,65,337431,80208,0.762298069827609
2,800,66,331308,83332,0.748475738587659
2,800,67,319282,79825,0.74998590587631
2,800,68,336848,87106,0.741408587849713
2,800,69,300731,83443,0.72253276183699
2,800,7,347593,88880,0.744298648131579
2,800,70,332471,90189,0.728731227686024
2,800,71,324692,82753,0.745133849925468
2,800,72,318115,87468,0.72504283042296
2,800,73,343602,87196,0.746229649419968
2,800,74,336859,87858,0.739184644020198
2,800,75,335705,90311,0.730981069689162
2,800,76,345407,88157,0.744773556992186
2,800,77,318978,87338,0.726194282991304
2,800,78,353756,86414,0.755724284535103
2,800,79,357201,90693,0.74610093476782
2,800,8,338571,84838,0.749423311506301
2,800,80,325413,85911,0.735993952300615
2,800,81,336071,85030,0.74698798765737
2,800,82,364808,92018,0.747763206947216
2,800,83,320696,90832,0.716766033876319
2,800,84,349703,81458,0.767065195322888
2,800,85,344893,88391,0.743714717318125
2,800,86,340861,84747,0.751373727120439
2,800,87,340702,89587,0.737051734360233
2,800,88,346855,84825,0.755445359011691
2,800,89,328219,88488,0.730399519832795
2,800,9,318222,83036,0.739062666943203
2,800,90,329895,82937,0.748595765319268
2,800,91,321509,81468,0.746607404458351
2,800,92,355795,88059,0.752500737784398
2,800,93,326194,82770,0.74625529592819
2,800,94,307076,89322,0.709120869100809
2,800,95,324727,81717,0.748351692344646
2,800,96,348939,84677,0.757330077749979
2,800,97,349022,84609,0.757582616568583
2,800,98,347525,83469,0.759818718077836
2,800,99,324154,83476,0.742480425970372
