"case","n","p","replication","method","total_iterations","mean_iterations","median_iterations","max_iterations","elapsed"
1,300,4,1,"cold",64671,215.57,215,366,12.123
1,300,4,1,"seq_mst",22653,75.51,54,365,4.68
1,300,4,2,"cold",64308,214.36,211,404,11.177
1,300,4,2,"seq_mst",21383,71.2766666666667,57.5,373,3.504
1,300,4,3,"cold",69843,232.81,229,404,13.339
1,300,4,3,"seq_mst",22237,74.1233333333333,56,409,4.459
1,300,4,4,"cold",62381,207.936666666667,203.5,373,11.173
1,300,4,4,"seq_mst",22830,76.1,57,323,4.09
1,300,4,5,"cold",70970,236.566666666667,234,387,12.832
1,300,4,5,"seq_mst",20757,69.19,54,267,4.02800000000001
1,300,4,6,"cold",65080,216.933333333333,212.5,346,13.67
1,300,4,6,"seq_mst",22049,73.4966666666667,54.5,356,5.18599999999999
1,300,4,7,"cold",65942,219.806666666667,215,424,14.485
1,300,4,7,"seq_mst",21194,70.6466666666667,54,324,5.039
1,300,4,8,"cold",66070,220.233333333333,219,385,13.858
1,300,4,8,"seq_mst",22130,73.7666666666667,55,351,5.38500000000002
1,300,4,9,"cold",68571,228.57,232,445,14.394
1,300,4,9,"seq_mst",21552,71.84,56.5,351,4.52099999999999
1,300,4,10,"cold",67213,224.043333333333,217.5,370,13.19
1,300,4,10,"seq_mst",21903,73.01,55.5,322,5.23499999999999
1,300,4,11,"cold",62019,206.73,206,412,12.849
1,300,4,11,"seq_mst",20568,68.56,53.5,379,4.911
1,300,4,12,"cold",62494,208.313333333333,205,346,13.192
1,300,4,12,"seq_mst",20892,69.64,56,316,4.34200000000001
1,300,4,13,"cold",59490,198.3,194,343,11.622
1,300,4,13,"seq_mst",20367,67.89,53,296,4.886
1,300,4,14,"cold",60102,200.34,199,388,12.454
1,300,4,14,"seq_mst",21218,70.7266666666667,55.5,284,6.89599999999999
1,300,4,15,"cold",60942,203.14,199,325,22.394
1,300,4,15,"seq_mst",21238,70.7933333333333,57,333,4.07900000000001
1,300,4,16,"cold",60889,202.963333333333,202,361,11.718
1,300,4,16,"seq_mst",21889,72.9633333333333,59,336,4.54999999999995
1,300,4,17,"cold",66247,220.823333333333,217,414,14.741
1,300,4,17,"seq_mst",22440,74.8,57.5,371,2.48900000000003
1,300,4,18,"cold",66919,223.063333333333,214,400,7.11699999999996
1,300,4,18,"seq_mst",20973,69.91,53.5,314,2.92400000000004
1,300,4,19,"cold",66240,220.8,221.5,388,15.116
1,300,4,19,"seq_mst",21258,70.86,50,346,2.88899999999995
1,300,4,20,"cold",71173,237.243333333333,239,470,11.692
1,300,4,20,"seq_mst",21582,71.94,60.5,300,2.78000000000003
1,300,4,21,"cold",65101,217.003333333333,218,396,6.71100000000001
1,300,4,21,"seq_mst",22774,75.9133333333333,58.5,298,2.34399999999999
1,300,4,22,"cold",66640,222.133333333333,221,410,7.14600000000002
1,300,4,22,"seq_mst",20505,68.35,49,311,2.30000000000001
1,300,4,23,"cold",65241,217.47,211,406,9.67700000000002
1,300,4,23,"seq_mst",21474,71.58,59,333,3.76799999999997
1,300,4,24,"cold",63955,213.183333333333,209,411,10.6
1,300,4,24,"seq_mst",22407,74.69,60,285,6.368
1,300,4,25,"cold",62410,208.033333333333,201,398,18.411
1,300,4,25,"seq_mst",22759,75.8633333333333,56,369,5.738
1,300,4,26,"cold",61689,205.63,208,353,15.273
1,300,4,26,"seq_mst",19837,66.1233333333333,56,273,3.98400000000004
1,300,4,27,"cold",65763,219.21,213,356,10.974
1,300,4,27,"seq_mst",20287,67.6233333333333,53.5,343,6.88800000000003
1,300,4,28,"cold",69523,231.743333333333,219,405,13.011
1,300,4,28,"seq_mst",20024,66.7466666666667,48.5,420,3.64699999999999
1,300,4,29,"cold",64121,213.736666666667,209.5,395,11.225
1,300,4,29,"seq_mst",22292,74.3066666666667,58,331,3.96799999999996
1,300,4,30,"cold",61880,206.266666666667,201.5,390,3.61
1,300,4,30,"seq_mst",22783,75.9433333333333,59,323,1.504
1,300,4,31,"cold",61340,204.466666666667,197,361,3.477
1,300,4,31,"seq_mst",21111,70.37,58,296,1.211
1,300,4,32,"cold",66196,220.653333333333,217.5,385,3.861
1,300,4,32,"seq_mst",22745,75.8166666666667,57.5,342,1.166
1,300,4,33,"cold",63539,211.796666666667,208,386,3.607
1,300,4,33,"seq_mst",22125,73.75,56.5,318,1.279
1,300,4,34,"cold",68103,227.01,230,388,3.752
1,300,4,34,"seq_mst",20850,69.5,47.5,290,1.329
1,300,4,35,"cold",58961,196.536666666667,192,386,3.212
1,300,4,35,"seq_mst",21677,72.2566666666667,57,319,1.238
1,300,4,36,"cold",60162,200.54,200,418,3.432
1,300,4,36,"seq_mst",21173,70.5766666666667,53.5,341,1.192
1,300,4,37,"cold",67042,223.473333333333,222,365,3.70800000000001
1,300,4,37,"seq_mst",20426,68.0866666666667,55,324,1.274
1,300,4,38,"cold",65867,219.556666666667,214.5,400,3.496
1,300,4,38,"seq_mst",21521,71.7366666666667,50,365,1.379
1,300,4,39,"cold",61603,205.343333333333,200,400,3.384
1,300,4,39,"seq_mst",22108,73.6933333333333,61,299,1.274
1,300,4,40,"cold",65742,219.14,222,434,3.679
1,300,4,40,"seq_mst",22193,73.9766666666667,53.5,330,1.291
1,300,4,41,"cold",69241,230.803333333333,230,412,3.873
1,300,4,41,"seq_mst",19737,65.79,53.5,322,1.215
1,300,4,42,"cold",67362,224.54,221,394,3.584
1,300,4,42,"seq_mst",21603,72.01,55,373,1.746
1,300,4,43,"cold",63584,211.946666666667,211,425,3.521
1,300,4,43,"seq_mst",21286,70.9533333333333,54,335,1.363
1,300,4,44,"cold",67765,225.883333333333,221.5,407,3.887
1,300,4,44,"seq_mst",21814,72.7133333333333,53,373,1.164
1,300,4,45,"cold",63263,210.876666666667,207,371,3.58799999999999
1,300,4,45,"seq_mst",19304,64.3466666666667,51,352,1.173
1,300,4,46,"cold",65753,219.176666666667,216,459,3.587
1,300,4,46,"seq_mst",20500,68.3333333333333,53,317,1.339
1,300,4,47,"cold",68021,226.736666666667,224,384,3.642
1,300,4,47,"seq_mst",19880,66.2666666666667,48,305,1.08200000000001
1,300,4,48,"cold",71329,237.763333333333,237,393,4.048
1,300,4,48,"seq_mst",22504,75.0133333333333,53,336,1.256
1,300,4,49,"cold",66096,220.32,214.5,370,3.70999999999999
1,300,4,49,"seq_mst",22659,75.53,59.5,316,1.289
1,300,4,50,"cold",67682,225.606666666667,220,422,3.626
1,300,4,50,"seq_mst",22886,76.2866666666667,58,373,1.431
1,300,4,51,"cold",61001,203.336666666667,196,317,3.247
1,300,4,51,"seq_mst",22227,74.09,61,308,1.22799999999999
1,300,4,52,"cold",63802,212.673333333333,206,363,3.607
1,300,4,52,"seq_mst",21755,72.5166666666667,54,340,1.179
1,300,4,53,"cold",64330,214.433333333333,204,399,3.658
1,300,4,53,"seq_mst",22917,76.39,62.5,313,1.35599999999999
1,300,4,54,"cold",62021,206.736666666667,199,421,3.29799999999999
1,300,4,54,"seq_mst",21771,72.57,56,374,1.345
1,300,4,55,"cold",64873,216.243333333333,214.5,510,3.877
1,300,4,55,"seq_mst",21874,72.9133333333333,59.5,277,1.38300000000001
1,300,4,56,"cold",63900,213,211,402,3.571
1,300,4,56,"seq_mst",23119,77.0633333333333,56,338,1.285
1,300,4,57,"cold",62258,207.526666666667,207.5,383,3.51499999999999
1,300,4,57,"seq_mst",21049,70.1633333333333,53.5,311,1.256
1,300,4,58,"cold",60831,202.77,198,405,3.18300000000002
1,300,4,58,"seq_mst",21786,72.62,57.5,313,1.422
1,300,4,59,"cold",66110,220.366666666667,226,404,3.53800000000001
1,300,4,59,"seq_mst",22127,73.7566666666667,57.5,334,1.15800000000002
1,300,4,60,"cold",65195,217.316666666667,215,405,3.73500000000001
1,300,4,60,"seq_mst",21049,70.1633333333333,55,302,1.15899999999999
1,300,4,61,"cold",69766,232.553333333333,230.5,350,3.92499999999998
1,300,4,61,"seq_mst",21199,70.6633333333333,56,289,1.227
1,300,4,62,"cold",58525,195.083333333333,197,399,3.029
1,300,4,62,"seq_mst",22096,73.6533333333333,58,303,1.375
1,300,4,63,"cold",68815,229.383333333333,228,418,3.76900000000001
1,300,4,63,"seq_mst",21802,72.6733333333333,57,321,1.16499999999999
1,300,4,64,"cold",69058,230.193333333333,232,452,3.929
1,300,4,64,"seq_mst",22198,73.9933333333333,55,333,1.18600000000001
1,300,4,65,"cold",64188,213.96,213,369,3.58199999999999
1,300,4,65,"seq_mst",22628,75.4266666666667,62,275,1.398
1,300,4,66,"cold",70148,233.826666666667,237,489,3.75999999999999
1,300,4,66,"seq_mst",23771,79.2366666666667,65.5,349,1.542
1,300,4,67,"cold",64054,213.513333333333,212,380,3.40700000000001
1,300,4,67,"seq_mst",19875,66.25,48,350,1.398
1,300,4,68,"cold",68627,228.756666666667,225.5,377,3.74599999999998
1,300,4,68,"seq_mst",21997,73.3233333333333,55.5,305,1.273
1,300,4,69,"cold",66178,220.593333333333,221,430,3.696
1,300,4,69,"seq_mst",20175,67.25,54,337,1.16199999999998
1,300,4,70,"cold",61706,205.686666666667,201,362,3.334
1,300,4,70,"seq_mst",22384,74.6133333333333,56,347,1.34199999999998
1,300,4,71,"cold",65073,216.91,215,471,3.435
1,300,4,71,"seq_mst",22448,74.8266666666667,55.5,330,1.26599999999999
1,300,4,72,"cold",69731,232.436666666667,226.5,466,3.84100000000001
1,300,4,72,"seq_mst",21762,72.54,53.5,422,1.22900000000001
1,300,4,73,"cold",66133,220.443333333333,219,389,3.779
1,300,4,73,"seq_mst",21637,72.1233333333333,54,320,1.221
1,300,4,74,"cold",68131,227.103333333333,228.5,395,3.73899999999998
1,300,4,74,"seq_mst",22535,75.1166666666667,58,388,1.31700000000001
1,300,4,75,"cold",67302,224.34,223.5,366,3.638
1,300,4,75,"seq_mst",21699,72.33,55,385,1.39600000000002
1,300,4,76,"cold",62907,209.69,204,365,3.42600000000002
1,300,4,76,"seq_mst",22441,74.8033333333333,59.5,336,1.31300000000002
1,300,4,77,"cold",67647,225.49,225,353,3.89600000000002
1,300,4,77,"seq_mst",21782,72.6066666666667,57,324,1.154
1,300,4,78,"cold",64330,214.433333333333,204,381,3.70800000000003
1,300,4,78,"seq_mst",21824,72.7466666666667,56.5,337,1.28699999999998
1,300,4,79,"cold",67433,224.776666666667,217,387,3.58600000000001
1,300,4,79,"seq_mst",21055,70.1833333333333,59.5,315,1.506
1,300,4,80,"cold",66047,220.156666666667,218.5,393,3.67700000000002
1,300,4,80,"seq_mst",21931,73.1033333333333,62,314,1.22900000000001
1,300,4,81,"cold",64995,216.65,211.5,396,3.715
1,300,4,81,"seq_mst",20449,68.1633333333333,52.5,393,1.077
1,300,4,82,"cold",62013,206.71,200.5,420,3.43799999999999
1,300,4,82,"seq_mst",22784,75.9466666666667,59,360,1.375
1,300,4,83,"cold",59029,196.763333333333,194,353,3.03800000000001
1,300,4,83,"seq_mst",22059,73.53,61,284,1.37099999999998
1,300,4,84,"cold",63266,210.886666666667,208,347,3.43900000000002
1,300,4,84,"seq_mst",22129,73.7633333333333,60,362,1.24400000000003
1,300,4,85,"cold",62707,209.023333333333,211.5,395,3.59700000000004
1,300,4,85,"seq_mst",20617,68.7233333333333,54,331,1.16399999999999
1,300,4,86,"cold",67275,224.25,222,419,3.82599999999996
1,300,4,86,"seq_mst",20774,69.2466666666667,51,320,1.20000000000005
1,300,4,87,"cold",65466,218.22,211,487,3.524
1,300,4,87,"seq_mst",22135,73.7833333333333,53,323,1.34800000000001
1,300,4,88,"cold",62756,209.186666666667,207,405,3.39799999999997
1,300,4,88,"seq_mst",23076,76.92,58.5,297,1.33499999999998
1,300,4,89,"cold",65664,218.88,217.5,362,3.75799999999998
1,300,4,89,"seq_mst",20572,68.5733333333333,53,310,1.13499999999999
1,300,4,90,"cold",65047,216.823333333333,213.5,399,3.63799999999998
1,300,4,90,"seq_mst",21489,71.63,54,351,1.30199999999996
1,300,4,91,"cold",64480,214.933333333333,213,383,3.47199999999998
1,300,4,91,"seq_mst",20814,69.38,45,313,1.43700000000001
1,300,4,92,"cold",63956,213.186666666667,208.5,384,3.50400000000002
1,300,4,92,"seq_mst",21952,73.1733333333333,58.5,300,1.32900000000001
1,300,4,93,"cold",62002,206.673333333333,203,386,3.53300000000002
1,300,4,93,"seq_mst",20804,69.3466666666667,56,283,1.16000000000003
1,300,4,94,"cold",62142,207.14,198,408,3.39099999999996
1,300,4,94,"seq_mst",21623,72.0766666666667,56,332,1.286
1,300,4,95,"cold",62462,208.206666666667,207,364,3.39800000000002
1,300,4,95,"seq_mst",20842,69.4733333333333,56,385,1.17599999999999
1,300,4,96,"cold",64366,214.553333333333,214,383,3.67399999999998
1,300,4,96,"seq_mst",21427,71.4233333333333,49,305,1.197
1,300,4,97,"cold",64315,214.383333333333,213,407,3.78800000000001
1,300,4,97,"seq_mst",21923,73.0766666666667,62.5,277,1.27699999999999
1,300,4,98,"cold",64877,216.256666666667,219,403,3.44999999999999
1,300,4,98,"seq_mst",22858,76.1933333333333,61,326,1.44200000000001
1,300,4,99,"cold",63717,212.39,206,376,3.39500000000004
1,300,4,99,"seq_mst",20847,69.49,53.5,284,1.14999999999998
1,300,4,100,"cold",67240,224.133333333333,224.5,410,3.83299999999997
1,300,4,100,"seq_mst",21205,70.6833333333333,58,329,1.20999999999998
1,500,4,1,"cold",186231,372.462,366.5,679,43.158
1,500,4,1,"seq_mst",55110,110.22,74,585,13.181
1,500,4,2,"cold",184036,368.072,365.5,745,44.732
1,500,4,2,"seq_mst",49964,99.928,71,485,14.389
1,500,4,3,"cold",176205,352.41,348.5,629,47.656
1,500,4,3,"seq_mst",51468,102.936,77,628,14.381
1,500,4,4,"cold",182306,364.612,357.5,686,47.344
1,500,4,4,"seq_mst",54455,108.91,78.5,708,14.666
1,500,4,5,"cold",176521,353.042,344,674,55.803
1,500,4,5,"seq_mst",53599,107.198,86,568,14.658
1,500,4,6,"cold",175141,350.282,345,662,32.08
1,500,4,6,"seq_mst",54806,109.612,83,547,11.553
1,500,4,7,"cold",170565,341.13,343,551,21.975
1,500,4,7,"seq_mst",53607,107.214,85.5,708,12.017
1,500,4,8,"cold",171340,342.68,333,713,53.548
1,500,4,8,"seq_mst",56168,112.336,84,590,13.02
1,500,4,9,"cold",158886,317.772,307.5,605,38.87
1,500,4,9,"seq_mst",51561,103.122,72,625,11.406
1,500,4,10,"cold",174844,349.688,351,596,21.507
1,500,4,10,"seq_mst",54853,109.706,87,526,6.482
1,500,4,11,"cold",174245,348.49,337.5,632,19.667
1,500,4,11,"seq_mst",54998,109.996,82,565,6.395
1,500,4,12,"cold",163487,326.974,324.5,591,18.792
1,500,4,12,"seq_mst",56259,112.518,82,517,8.032
1,500,4,13,"cold",182922,365.844,365,587,20.425
1,500,4,13,"seq_mst",53915,107.83,80,541,6.45899999999999
1,500,4,14,"cold",180449,360.898,354,608,20.174
1,500,4,14,"seq_mst",56092,112.184,84.5,583,6.66999999999999
1,500,4,15,"cold",174072,348.144,346,676,21.406
1,500,4,15,"seq_mst",51806,103.612,73.5,575,6.119
1,500,4,16,"cold",183467,366.934,360.5,636,23.492
1,500,4,16,"seq_mst",53312,106.624,78.5,556,6.154
1,500,4,17,"cold",174094,348.188,342.5,644,22.367
1,500,4,17,"seq_mst",54513,109.026,82,568,7.90899999999999
1,500,4,18,"cold",163025,326.05,320,637,18.933
1,500,4,18,"seq_mst",53129,106.258,79.5,484,6.572
1,500,4,19,"cold",178185,356.37,354,731,20.749
1,500,4,19,"seq_mst",55724,111.448,84,505,7.529
1,500,4,20,"cold",175957,351.914,341,713,21.562
1,500,4,20,"seq_mst",52858,105.716,78.5,608,6.34700000000004
1,500,4,21,"cold",172698,345.396,332,662,20.011
1,500,4,21,"seq_mst",54068,108.136,81,522,7.75400000000002
1,500,4,22,"cold",181974,363.948,357,798,24.997
1,500,4,22,"seq_mst",55126,110.252,76,619,8.70100000000002
1,500,4,23,"cold",171684,343.368,340,674,25.357
1,500,4,23,"seq_mst",51314,102.628,75,516,9.46499999999997
1,500,4,24,"cold",178730,357.46,355,701,29.182
1,500,4,24,"seq_mst",53798,107.596,83,575,8.58000000000004
1,500,4,25,"cold",173507,347.014,338.5,587,26.924
1,500,4,25,"seq_mst",54854,109.708,80,467,8.23700000000002
1,500,4,26,"cold",181461,362.922,356.5,615,26.73
1,500,4,26,"seq_mst",53569,107.138,77.5,603,304.057
1,500,4,27,"cold",177969,355.938,344.5,717,15.09
1,500,4,27,"seq_mst",54011,108.022,78,657,4.32100000000003
1,500,4,28,"cold",174128,348.256,344,622,12.526
1,500,4,28,"seq_mst",52428,104.856,78,528,4.20699999999999
1,500,4,29,"cold",185281,370.562,367.5,666,311.896
1,500,4,29,"seq_mst",54682,109.364,74,538,4.06100000000004
1,500,4,30,"cold",171835,343.67,349,746,12.14
1,500,4,30,"seq_mst",51705,103.41,75,543,3.61199999999997
1,500,4,31,"cold",178793,357.586,352,627,12.269
1,500,4,31,"seq_mst",54292,108.584,80,568,3.83800000000008
1,500,4,32,"cold",176821,353.642,347,690,12.1180000000001
1,500,4,32,"seq_mst",52091,104.182,78,501,3.68100000000004
1,500,4,33,"cold",159201,318.402,311,651,11.303
1,500,4,33,"seq_mst",53118,106.236,76,558,3.60599999999999
1,500,4,34,"cold",180857,361.714,365,666,12.481
1,500,4,34,"seq_mst",52455,104.91,71.5,623,3.91500000000008
1,500,4,35,"cold",167299,334.598,332,599,11.355
1,500,4,35,"seq_mst",53037,106.074,72,682,3.75300000000004
1,500,4,36,"cold",166785,333.57,330,638,11.511
1,500,4,36,"seq_mst",52089,104.178,72,599,3.54399999999998
1,500,4,37,"cold",165584,331.168,324.5,664,11.881
1,500,4,37,"seq_mst",56013,112.026,82,550,4.18399999999997
1,500,4,38,"cold",182020,364.04,368,628,12.485
1,500,4,38,"seq_mst",51917,103.834,75,597,3.59900000000005
1,500,4,39,"cold",175845,351.69,351.5,725,12.2140000000001
1,500,4,39,"seq_mst",53569,107.138,80.5,697,3.91100000000006
1,500,4,40,"cold",171381,342.762,333.5,623,12.2040000000001
1,500,4,40,"seq_mst",51804,103.608,77.5,546,303.922
1,500,4,41,"cold",166759,333.518,324,907,13.664
1,500,4,41,"seq_mst",53068,106.136,85,486,3.91300000000001
1,500,4,42,"cold",179829,359.658,354,726,12.6689999999999
1,500,4,42,"seq_mst",51212,102.424,76.5,571,3.68100000000004
1,500,4,43,"cold",168773,337.546,333,654,451.906
1,500,4,43,"seq_mst",55443,110.886,83,507,4.67799999999988
1,500,4,44,"cold",182874,365.748,359.5,781,14.6110000000001
1,500,4,44,"seq_mst",56891,113.782,79,567,4.2829999999999
1,500,4,45,"cold",186016,372.032,366,659,13.671
1,500,4,45,"seq_mst",53334,106.668,81,541,4.05099999999993
1,500,4,46,"cold",174413,348.826,340.5,664,12.335
1,500,4,46,"seq_mst",54606,109.212,76.5,484,3.73399999999992
1,500,4,47,"cold",173061,346.122,346.5,810,1043.181
1,500,4,47,"seq_mst",52769,105.538,75,611,5.75900000000001
1,500,4,48,"cold",175666,351.332,343,751,15.8879999999999
1,500,4,48,"seq_mst",51781,103.562,78,544,4.5619999999999
1,500,4,49,"cold",159355,318.71,309,635,41.5050000000001
1,500,4,49,"seq_mst",52493,104.986,73.5,505,3.74600000000009
1,500,4,50,"cold",178813,357.626,353.5,706,12.6700000000001
1,500,4,50,"seq_mst",56972,113.944,88,523,4.20600000000013
1,500,4,51,"cold",190158,380.316,384,680,13.4290000000001
1,500,4,51,"seq_mst",55662,111.324,83.5,602,3.77300000000014
1,500,4,52,"cold",178817,357.634,349,652,68.1379999999999
1,500,4,52,"seq_mst",52993,105.986,80,467,3.85699999999997
1,500,4,53,"cold",171549,343.098,338,617,12.502
1,500,4,53,"seq_mst",53673,107.346,84,587,3.82000000000016
1,500,4,54,"cold",176785,353.57,347,647,13.1109999999999
1,500,4,54,"seq_mst",53935,107.87,82.5,555,3.78499999999985
1,500,4,55,"cold",177386,354.772,354,632,934.941
1,500,4,55,"seq_mst",52112,104.224,79,487,4.26099999999997
1,500,4,56,"cold",173090,346.18,352.5,602,16.366
1,500,4,56,"seq_mst",54309,108.618,76,552,5.69699999999966
1,500,4,57,"cold",180367,360.734,354,639,519.644
1,500,4,57,"seq_mst",54525,109.05,83.5,533,4.82999999999993
1,500,4,58,"cold",175690,351.38,350.5,671,14.6310000000003
1,500,4,58,"seq_mst",57379,114.758,84,549,7.55200000000059
1,500,4,59,"cold",175497,350.994,348,682,12.5010000000002
1,500,4,59,"seq_mst",50672,101.344,75.5,497,3.53700000000026
1,500,4,60,"cold",174000,348,338.5,771,12.0639999999994
1,500,4,60,"seq_mst",56721,113.442,77.5,614,4.29899999999998
1,500,4,61,"cold",175278,350.556,353.5,605,12.549
1,500,4,61,"seq_mst",53403,106.806,79,619,3.7489999999998
1,500,4,62,"cold",176460,352.92,346,636,12.1310000000003
1,500,4,62,"seq_mst",55230,110.46,87.5,557,4.0619999999999
1,500,4,63,"cold",185787,371.574,360,747,13.0210000000006
1,500,4,63,"seq_mst",53083,106.166,75,562,3.72599999999966
1,500,4,64,"cold",179146,358.292,358,713,12.4569999999994
1,500,4,64,"seq_mst",55705,111.41,85,654,4.02200000000084
1,500,4,65,"cold",184666,369.332,361,664,12.7950000000001
1,500,4,65,"seq_mst",57096,114.192,90,577,3.88299999999981
1,500,4,66,"cold",172432,344.864,346.5,626,11.826
1,500,4,66,"seq_mst",55109,110.218,83,561,3.97200000000066
1,500,4,67,"cold",186288,372.576,371.5,762,12.6090000000004
1,500,4,67,"seq_mst",50791,101.582,76,504,3.5600000000004
1,500,4,68,"cold",161497,322.994,311.5,665,11.2200000000003
1,500,4,68,"seq_mst",52988,105.976,82,560,3.67900000000009
1,500,4,69,"cold",168437,336.874,325,625,11.9549999999999
1,500,4,69,"seq_mst",56130,112.26,87,535,4.14999999999964
1,500,4,70,"cold",172857,345.714,344,667,11.7400000000007
1,500,4,70,"seq_mst",54371,108.742,80,575,3.7470000000003
1,500,4,71,"cold",177746,355.492,342.5,727,12.1770000000006
1,500,4,71,"seq_mst",54345,108.69,79,766,3.90200000000004
1,500,4,72,"cold",190697,381.394,392.5,647,13.607
1,500,4,72,"seq_mst",52466,104.932,76,458,3.71100000000024
1,500,4,73,"cold",180007,360.014,356.5,673,12.4009999999998
1,500,4,73,"seq_mst",52111,104.222,78.5,539,3.875
1,500,4,74,"cold",174344,348.688,339,719,12.0159999999996
1,500,4,74,"seq_mst",52819,105.638,77,523,3.57499999999982
1,500,4,75,"cold",182029,364.058,366.5,622,12.6310000000003
1,500,4,75,"seq_mst",51605,103.21,78,590,3.74399999999969
1,500,4,76,"cold",185663,371.326,367,696,12.7539999999999
1,500,4,76,"seq_mst",53963,107.926,84,566,3.86099999999988
1,500,4,77,"cold",180499,360.998,361.5,660,12.558
1,500,4,77,"seq_mst",53637,107.274,80.5,605,3.9369999999999
1,500,4,78,"cold",179764,359.528,357,780,12.3789999999999
1,500,4,78,"seq_mst",53765,107.53,75,639,3.69800000000032
1,500,4,79,"cold",178526,357.052,352,662,12.5999999999995
1,500,4,79,"seq_mst",54209,108.418,78,577,3.97500000000036
1,500,4,80,"cold",176354,352.708,344.5,735,12.1129999999994
1,500,4,80,"seq_mst",55488,110.976,86,498,3.94499999999971
1,500,4,81,"cold",177503,355.006,352,659,12.2930000000006
1,500,4,81,"seq_mst",58263,116.526,89,578,4.19900000000052
1,500,4,82,"cold",178071,356.142,350,734,12.1689999999999
1,500,4,82,"seq_mst",53833,107.666,82,464,3.72300000000087
1,500,4,83,"cold",180319,360.638,365,628,12.3040000000001
1,500,4,83,"seq_mst",53571,107.142,74,599,3.93099999999959
1,500,4,84,"cold",181467,362.934,354,670,12.7399999999998
1,500,4,84,"seq_mst",53507,107.014,80.5,518,3.74600000000009
1,500,4,85,"cold",172564,345.128,342.5,670,11.741
1,500,4,85,"seq_mst",51052,102.104,83,494,3.6880000000001
1,500,4,86,"cold",184601,369.202,372,736,12.7209999999995
1,500,4,86,"seq_mst",57660,115.32,89.5,553,4.0590000000002
1,500,4,87,"cold",179532,359.064,356,619,12.2610000000004
1,500,4,87,"seq_mst",51691,103.382,75,495,3.90800000000036
1,500,4,88,"cold",167904,335.808,325.5,777,11.8139999999994
1,500,4,88,"seq_mst",52480,104.96,81,607,3.72199999999975
1,500,4,89,"cold",173888,347.776,342,656,12.2639999999992
1,500,4,89,"seq_mst",55129,110.258,83,591,3.79899999999998
1,500,4,90,"cold",176499,352.998,353.5,647,11.9639999999999
1,500,4,90,"seq_mst",52672,105.344,77,525,3.92600000000039
1,500,4,91,"cold",181341,362.682,355,726,12.2789999999995
1,500,4,91,"seq_mst",53323,106.646,74,599,3.64400000000023
1,500,4,92,"cold",173246,346.492,337,606,12.1769999999997
1,500,4,92,"seq_mst",53561,107.122,79,461,3.95499999999993
1,500,4,93,"cold",177972,355.944,351,612,12.3329999999996
1,500,4,93,"seq_mst",52439,104.878,80.5,527,3.63100000000031
1,500,4,94,"cold",176277,352.554,346,634,12.134
1,500,4,94,"seq_mst",51019,102.038,71,572,3.69799999999941
1,500,4,95,"cold",168787,337.574,329,625,11.3789999999999
1,500,4,95,"seq_mst",53525,107.05,79,559,3.84099999999944
1,500,4,96,"cold",171320,342.64,339,581,12.0739999999996
1,500,4,96,"seq_mst",55913,111.826,79,597,4.01900000000023
1,500,4,97,"cold",191490,382.98,382.5,698,13.1760000000004
1,500,4,97,"seq_mst",50228,100.456,75.5,570,3.68700000000081
1,500,4,98,"cold",181841,363.682,356,766,12.6679999999997
1,500,4,98,"seq_mst",55118,110.236,79,734,3.91700000000037
1,500,4,99,"cold",174056,348.112,338.5,670,11.7849999999999
1,500,4,99,"seq_mst",54248,108.496,80,536,3.96700000000055
1,500,4,100,"cold",184414,368.828,362,655,13.0510000000004
1,500,4,100,"seq_mst",53920,107.84,83,614,3.89699999999993
1,800,4,1,"cold",444443,555.55375,546.5,1009,135.527
1,800,4,1,"seq_mst",123184,153.98,109.5,841,42.633
1,800,4,2,"cold",464960,581.2,584,1174,150.068
1,800,4,2,"seq_mst",126391,157.98875,110,883,31.254
1,800,4,3,"cold",437397,546.74625,529.5,1089,127.711
1,800,4,3,"seq_mst",116899,146.12375,103,869,28.651
1,800,4,4,"cold",432613,540.76625,529,1063,58.706
1,800,4,4,"seq_mst",125911,157.38875,109,905,11.263
1,800,4,5,"cold",448559,560.69875,547.5,1083,52.731
1,800,4,5,"seq_mst",131859,164.82375,121,849,18.4350000000001
1,800,4,6,"cold",441815,552.26875,542,991,37.1469999999999
1,800,4,6,"seq_mst",117854,147.3175,105,793,8.74000000000001
1,800,4,7,"cold",424975,531.21875,518.5,1107,30.1370000000001
1,800,4,7,"seq_mst",131054,163.8175,121,947,9.553
1,800,4,8,"cold",460247,575.30875,572,1192,39.8630000000001
1,800,4,8,"seq_mst",127603,159.50375,112.5,929,16.1320000000001
1,800,4,9,"cold",455828,569.785,560.5,1150,57.049
1,800,4,9,"seq_mst",120605,150.75625,105,952,12.7280000000001
1,800,4,10,"cold",452710,565.8875,563,1070,48.788
1,800,4,10,"seq_mst",120391,150.48875,108.5,757,12.896
1,800,4,11,"cold",437054,546.3175,529.5,1015,45.732
1,800,4,11,"seq_mst",121954,152.4425,113,867,12.168
1,800,4,12,"cold",458578,573.2225,578.5,1037,51.8489999999999
1,800,4,12,"seq_mst",123931,154.91375,109,886,12.7089999999998
1,800,4,13,"cold",446514,558.1425,543.5,979,45.0509999999999
1,800,4,13,"seq_mst",125528,156.91,114.5,861,13.9580000000001
1,800,4,14,"cold",440392,550.49,547,1065,46.5259999999998
1,800,4,14,"seq_mst",129134,161.4175,112,924,14.4040000000002
1,800,4,15,"cold",446633,558.29125,546.5,1230,51.049
1,800,4,15,"seq_mst",122022,152.5275,109.5,905,13.6579999999999
1,800,4,16,"cold",454919,568.64875,555,1027,48.723
1,800,4,16,"seq_mst",121425,151.78125,116,849,12.982
1,800,4,17,"cold",422832,528.54,505,1051,45.22
1,800,4,17,"seq_mst",120547,150.68375,104,951,13.1690000000001
1,800,4,18,"cold",453243,566.55375,561,1181,47.925
1,800,4,18,"seq_mst",115606,144.5075,102.5,937,12.9659999999999
1,800,4,19,"cold",440907,551.13375,547,1015,52.471
1,800,4,19,"seq_mst",119241,149.05125,103,895,14.75
1,800,4,20,"cold",455160,568.95,556,1288,55.547
1,800,4,20,"seq_mst",126886,158.6075,110.5,1119,16.9639999999999
1,800,4,21,"cold",444242,555.3025,540,1048,55.7420000000002
1,800,4,21,"seq_mst",126280,157.85,114,960,14.077
1,800,4,22,"cold",453112,566.39,561,1030,53.751
1,800,4,22,"seq_mst",120816,151.02,106,799,14.7649999999999
1,800,4,23,"cold",429923,537.40375,526,1139,53.097
1,800,4,23,"seq_mst",123912,154.89,112,925,13.9160000000002
1,800,4,24,"cold",420626,525.7825,515,982,42.5390000000002
1,800,4,24,"seq_mst",122998,153.7475,107,916,12.098
1,800,4,25,"cold",419499,524.37375,515.5,1025,45.509
1,800,4,25,"seq_mst",128468,160.585,115,870,13.8489999999999
1,800,4,26,"cold",433961,542.45125,548,1025,57.315
1,800,4,26,"seq_mst",127680,159.6,111.5,921,17.8599999999999
1,800,4,27,"cold",467615,584.51875,594,1352,66.0719999999999
1,800,4,27,"seq_mst",126226,157.7825,115,863,18.885
1,800,4,28,"cold",458467,573.08375,555,1037,69.7270000000001
1,800,4,28,"seq_mst",123360,154.2,113,817,19.5600000000004
1,800,4,29,"cold",441736,552.17,551,1009,65.3919999999998
1,800,4,29,"seq_mst",121888,152.36,113,865,18.1680000000001
1,800,4,30,"cold",450346,562.9325,551,1034,76.9440000000004
1,800,4,30,"seq_mst",124519,155.64875,110,859,26.9700000000003
1,800,4,31,"cold",435820,544.775,540,989,82.6970000000001
1,800,4,31,"seq_mst",124631,155.78875,111.5,850,16.357
1,800,4,32,"cold",440850,551.0625,555,945,52.922
1,800,4,32,"seq_mst",126568,158.21,114,976,15.23
1,800,4,33,"cold",447693,559.61625,539,1155,50.0129999999999
1,800,4,33,"seq_mst",129924,162.405,115,811,15.431
1,800,4,34,"cold",439328,549.16,529,1041,52.482
1,800,4,34,"seq_mst",122871,153.58875,116,994,16.0059999999999
1,800,4,35,"cold",425579,531.97375,524.5,1005,50.422
1,800,4,35,"seq_mst",128677,160.84625,122,876,16.844
1,800,4,36,"cold",460133,575.16625,576.5,1070,50.663
1,800,4,36,"seq_mst",123133,153.91625,113,889,13.2389999999996
1,800,4,37,"cold",431312,539.14,525.5,998,45.9650000000001
1,800,4,37,"seq_mst",129360,161.7,116,882,13.8589999999999
1,800,4,38,"cold",430025,537.53125,529,1031,45.9749999999999
1,800,4,38,"seq_mst",127177,158.97125,118,919,13.4870000000001
1,800,4,39,"cold",469951,587.43875,588,1071,50.9610000000002
1,800,4,39,"seq_mst",126360,157.95,112,907,14.1669999999999
1,800,4,40,"cold",456086,570.1075,567,1120,46.0610000000001
1,800,4,40,"seq_mst",126945,158.68125,113,880,11.0729999999999
1,800,4,41,"cold",442158,552.6975,542.5,970,34.7830000000004
1,800,4,41,"seq_mst",129696,162.12,120.5,934,10.433
1,800,4,42,"cold",452861,566.07625,559,1178,355.662
1,800,4,42,"seq_mst",126052,157.565,115.5,897,12.0450000000001
1,800,4,43,"cold",435795,544.74375,532.5,1144,338.009
1,800,4,43,"seq_mst",127704,159.63,114,812,11.6170000000002
1,800,4,44,"cold",443298,554.1225,538,1156,39.0219999999999
1,800,4,44,"seq_mst",123127,153.90875,113,903,11.0720000000001
1,800,4,45,"cold",436796,545.995,539,1120,38.3110000000001
1,800,4,45,"seq_mst",118492,148.115,109,785,11.0509999999999
1,800,4,46,"cold",441559,551.94875,554,1047,39.2829999999999
1,800,4,46,"seq_mst",126548,158.185,105.5,927,312.466
1,800,4,47,"cold",443561,554.45125,544.5,1029,480.889
1,800,4,47,"seq_mst",124751,155.93875,112,905,13.0620000000008
1,800,4,48,"cold",434992,543.74,536,1043,40.393
1,800,4,48,"seq_mst",128162,160.2025,119,794,1040.511
1,800,4,49,"cold",455976,569.97,568,990,78.5709999999999
1,800,4,49,"seq_mst",125061,156.32625,101,927,11.6050000000005
1,800,4,50,"cold",430951,538.68875,527.5,1184,94.0190000000002
1,800,4,50,"seq_mst",124312,155.39,108,961,11.6899999999996
1,800,4,51,"cold",439408,549.26,534,1059,962.46
1,800,4,51,"seq_mst",129729,162.16125,120,917,16.0559999999996
1,800,4,52,"cold",442387,552.98375,547.5,1082,554.209
1,800,4,52,"seq_mst",127735,159.66875,116,872,11.6900000000005
1,800,4,53,"cold",428662,535.8275,527,1047,38.2979999999998
1,800,4,53,"seq_mst",123173,153.96625,112.5,858,10.9530000000004
1,800,4,54,"cold",452667,565.83375,559.5,1114,40.2969999999996
1,800,4,54,"seq_mst",127630,159.5375,108.5,932,11.5320000000002
1,800,4,55,"cold",424227,530.28375,518,1123,37.1000000000004
1,800,4,55,"seq_mst",124892,156.115,110,874,11.3650000000007
1,800,4,56,"cold",459106,573.8825,569,1143,40.4520000000002
1,800,4,56,"seq_mst",127129,158.91125,116,854,11.3999999999996
1,800,4,57,"cold",466310,582.8875,571,1304,41.5249999999996
1,800,4,57,"seq_mst",128643,160.80375,107.5,862,11.6369999999997
1,800,4,58,"cold",461324,576.655,575.5,1213,40.6379999999999
1,800,4,58,"seq_mst",121832,152.29,104.5,862,11.0720000000001
1,800,4,59,"cold",445169,556.46125,550,968,39.4579999999996
1,800,4,59,"seq_mst",125092,156.365,115.5,973,11.1950000000006
1,800,4,60,"cold",411398,514.2475,494,931,36.3879999999999
1,800,4,60,"seq_mst",125939,157.42375,115.5,862,11.5870000000004
1,800,4,61,"cold",463394,579.2425,561,1057,40.7160000000003
1,800,4,61,"seq_mst",125122,156.4025,106,924,11.2159999999994
1,800,4,62,"cold",422775,528.46875,519,995,37.5429999999997
1,800,4,62,"seq_mst",130201,162.75125,114,798,11.7039999999997
1,800,4,63,"cold",458707,573.38375,572,1275,40.3700000000008
1,800,4,63,"seq_mst",122153,152.69125,111.5,857,11.2290000000003
1,800,4,64,"cold",439815,549.76875,551,994,38.75
1,800,4,64,"seq_mst",120871,151.08875,111,935,11.0240000000003
1,800,4,65,"cold",444723,555.90375,537,1316,39.1330000000007
1,800,4,65,"seq_mst",129221,161.52625,114.5,912,11.933
1,800,4,66,"cold",450530,563.1625,549,1018,32.2390000000005
1,800,4,66,"seq_mst",126765,158.45625,114,1020,8.82700000000114
1,800,4,67,"cold",453582,566.9775,544.5,1475,33.5880000000016
1,800,4,67,"seq_mst",134316,167.895,127,908,12.0400000000009
1,800,4,68,"cold",430239,537.79875,520,1032,37.6730000000007
1,800,4,68,"seq_mst",128748,160.935,119,847,12.1219999999994
1,800,4,69,"cold",430076,537.595,524,1049,37.7819999999992
1,800,4,69,"seq_mst",123271,154.08875,104,981,11.1319999999996
1,800,4,70,"cold",425745,532.18125,515,1081,37.4590000000007
1,800,4,70,"seq_mst",121835,152.29375,112,950,10.9470000000001
1,800,4,71,"cold",448196,560.245,537,1125,39.9649999999983
1,800,4,71,"seq_mst",125864,157.33,115,873,11.5960000000014
1,800,4,72,"cold",447042,558.8025,551.5,1026,39.4110000000001
1,800,4,72,"seq_mst",127276,159.095,103,856,11.4300000000003
1,800,4,73,"cold",457182,571.4775,564.5,1086,40.1929999999993
1,800,4,73,"seq_mst",126001,157.50125,115.5,896,11.2440000000006
1,800,4,74,"cold",436059,545.07375,528.5,978,38.0789999999997
1,800,4,74,"seq_mst",121959,152.44875,110.5,880,11.2669999999998
1,800,4,75,"cold",412235,515.29375,494,1173,36.3719999999994
1,800,4,75,"seq_mst",125935,157.41875,109,882,11.4229999999989
1,800,4,76,"cold",442254,552.8175,558,1025,30.4549999999999
1,800,4,76,"seq_mst",123113,153.89125,117,869,8.375
1,800,4,77,"cold",466804,583.505,583.5,1167,32.4480000000003
1,800,4,77,"seq_mst",128458,160.5725,113,937,11.9079999999994
1,800,4,78,"cold",446057,557.57125,545.5,1280,39.3160000000007
1,800,4,78,"seq_mst",121757,152.19625,110,972,11.4700000000012
1,800,4,79,"cold",429863,537.32875,525.5,1057,38.1400000000012
1,800,4,79,"seq_mst",121082,151.3525,107,848,10.8430000000008
1,800,4,80,"cold",439150,548.9375,530,1041,38.8850000000002
1,800,4,80,"seq_mst",123480,154.35,117,937,11.2780000000002
1,800,4,81,"cold",426240,532.8,511,1117,37.380000000001
1,800,4,81,"seq_mst",131251,164.06375,118,909,11.6769999999997
1,800,4,82,"cold",452184,565.23,561,992,40.1729999999989
1,800,4,82,"seq_mst",127657,159.57125,116,891,11.3760000000002
1,800,4,83,"cold",439776,549.72,540,1071,38.8469999999998
1,800,4,83,"seq_mst",122507,153.13375,109,938,11.3589999999986
1,800,4,84,"cold",428732,535.915,522,1068,37.1909999999989
1,800,4,84,"seq_mst",126510,158.1375,114,910,9.5580000000009
1,800,4,85,"cold",424142,530.1775,524,1232,35.1710000000003
1,800,4,85,"seq_mst",122480,153.1,106,903,11.357
1,800,4,86,"cold",423801,529.75125,525,1314,37.4920000000002
1,800,4,86,"seq_mst",123889,154.86125,123,915,11.1319999999996
1,800,4,87,"cold",450499,563.12375,555.5,1104,39.0899999999983
1,800,4,87,"seq_mst",122092,152.615,110,784,8.84100000000035
1,800,4,88,"cold",474613,593.26625,584,1154,32.0889999999999
1,800,4,88,"seq_mst",124461,155.57625,108,938,8.66399999999885
1,800,4,89,"cold",424757,530.94625,518.5,1048,29.143
1,800,4,89,"seq_mst",127458,159.3225,117,864,7.64900000000125
1,800,4,90,"cold",430153,537.69125,531,1004,25.1359999999986
1,800,4,90,"seq_mst",124186,155.2325,111.5,838,7.47200000000157
1,800,4,91,"cold",448846,561.0575,559,1087,26.357
1,800,4,91,"seq_mst",122142,152.6775,112,807,7.34000000000015
1,800,4,92,"cold",441586,551.9825,541,1207,25.7909999999993
1,800,4,92,"seq_mst",130196,162.745,121.5,806,7.81100000000151
1,800,4,93,"cold",456232,570.29,559,1028,26.6689999999999
1,800,4,93,"seq_mst",128305,160.38125,107,914,7.70200000000114
1,800,4,94,"cold",448400,560.5,554.5,1072,26.1800000000003
1,800,4,94,"seq_mst",128040,160.05,115.5,843,7.69800000000032
1,800,4,95,"cold",428336,535.42,525,990,25.0190000000002
1,800,4,95,"seq_mst",119974,149.9675,111,851,7.22499999999854
1,800,4,96,"cold",432626,540.7825,524.5,1021,25.1740000000009
1,800,4,96,"seq_mst",124213,155.26625,115,918,7.41899999999987
1,800,4,97,"cold",448011,560.01375,557,1170,26.0769999999993
1,800,4,97,"seq_mst",120918,151.1475,111,765,7.21999999999935
1,800,4,98,"cold",455956,569.945,555.5,980,26.5460000000003
1,800,4,98,"seq_mst",123753,154.69125,110,851,7.39899999999943
1,800,4,99,"cold",434760,543.45,525,959,25.3079999999991
1,800,4,99,"seq_mst",123851,154.81375,113,815,7.42900000000009
1,800,4,100,"cold",445241,556.55125,548,1023,26.009
1,800,4,100,"seq_mst",124475,155.59375,108.5,844,7.46700000000055
2,300,4,1,"cold",51367,171.223333333333,158.5,360,10.32
2,300,4,1,"seq_mst",15699,52.33,39,399,3.156
2,300,4,2,"cold",46958,156.526666666667,147.5,380,8.134
2,300,4,2,"seq_mst",15184,50.6133333333333,41,295,2.483
2,300,4,3,"cold",51504,171.68,163.5,376,9.559
2,300,4,3,"seq_mst",15637,52.1233333333333,42,299,2.734
2,300,4,4,"cold",46368,154.56,145,357,9.902
2,300,4,4,"seq_mst",15457,51.5233333333333,40.5,254,2.995
2,300,4,5,"cold",50712,169.04,160.5,375,9.228
2,300,4,5,"seq_mst",15794,52.6466666666667,44.5,252,3.12
2,300,4,6,"cold",51363,171.21,163.5,334,9.519
2,300,4,6,"seq_mst",16286,54.2866666666667,44.5,281,2.952
2,300,4,7,"cold",50253,167.51,147,371,9.176
2,300,4,7,"seq_mst",15256,50.8533333333333,40.5,267,4.705
2,300,4,8,"cold",44426,148.086666666667,139.5,342,9.28999999999999
2,300,4,8,"seq_mst",14465,48.2166666666667,41,203,2.979
2,300,4,9,"cold",47537,158.456666666667,150,378,11.152
2,300,4,9,"seq_mst",15867,52.89,40,275,3.06700000000001
2,300,4,10,"cold",50125,167.083333333333,155,392,10.599
2,300,4,10,"seq_mst",16658,55.5266666666667,40,281,3.97
2,300,4,11,"cold",46967,156.556666666667,148,316,9.96000000000001
2,300,4,11,"seq_mst",16385,54.6166666666667,40,336,4.297
2,300,4,12,"cold",53992,179.973333333333,172,416,10.539
2,300,4,12,"seq_mst",14919,49.73,36.5,271,3.15800000000002
2,300,4,13,"cold",49122,163.74,149,370,8.941
2,300,4,13,"seq_mst",15414,51.38,41,298,4.03999999999999
2,300,4,14,"cold",51923,173.076666666667,158,398,11.867
2,300,4,14,"seq_mst",15883,52.9433333333333,38.5,342,2.90000000000001
2,300,4,15,"cold",45203,150.676666666667,143.5,350,9.482
2,300,4,15,"seq_mst",14722,49.0733333333333,37,436,2.958
2,300,4,16,"cold",50459,168.196666666667,155,386,11.007
2,300,4,16,"seq_mst",15956,53.1866666666667,42,286,3.41200000000001
2,300,4,17,"cold",48435,161.45,154,342,9.286
2,300,4,17,"seq_mst",17525,58.4166666666667,46,344,3.506
2,300,4,18,"cold",44972,149.906666666667,140.5,330,9.65300000000002
2,300,4,18,"seq_mst",14829,49.43,36.5,266,3.13400000000001
2,300,4,19,"cold",42562,141.873333333333,133.5,306,10.954
2,300,4,19,"seq_mst",14326,47.7533333333333,38,278,3.99500000000003
2,300,4,20,"cold",49276,164.253333333333,151.5,371,18.442
2,300,4,20,"seq_mst",14457,48.19,38,247,3.32299999999998
2,300,4,21,"cold",48598,161.993333333333,150,299,9.57800000000003
2,300,4,21,"seq_mst",15617,52.0566666666667,39,268,2.67599999999999
2,300,4,22,"cold",51855,172.85,164,388,12.789
2,300,4,22,"seq_mst",15964,53.2133333333333,39,306,2.65899999999999
2,300,4,23,"cold",48915,163.05,153,391,5.90299999999996
2,300,4,23,"seq_mst",16145,53.8166666666667,45,276,2.00799999999998
2,300,4,24,"cold",47198,157.326666666667,148,367,5.81900000000002
2,300,4,24,"seq_mst",16518,55.06,45,292,1.92399999999998
2,300,4,25,"cold",47187,157.29,136,449,13.41
2,300,4,25,"seq_mst",15588,51.96,37,318,1.93599999999998
2,300,4,26,"cold",52524,175.08,166,374,6.86200000000002
2,300,4,26,"seq_mst",16224,54.08,39,269,5.38
2,300,4,27,"cold",53850,179.5,164,564,5.52499999999998
2,300,4,27,"seq_mst",16269,54.23,42,295,1.80599999999998
2,300,4,28,"cold",48385,161.283333333333,156.5,389,5.22199999999998
2,300,4,28,"seq_mst",14611,48.7033333333333,36,272,1.459
2,300,4,29,"cold",45453,151.51,149,321,5.04699999999997
2,300,4,29,"seq_mst",14930,49.7666666666667,41,289,1.79899999999998
2,300,4,30,"cold",41907,139.69,123.5,338,4.30000000000001
2,300,4,30,"seq_mst",13458,44.86,36,284,1.67499999999995
2,300,4,31,"cold",47165,157.216666666667,154,322,9.62799999999999
2,300,4,31,"seq_mst",14740,49.1333333333333,40,244,3.839
2,300,4,32,"cold",47305,157.683333333333,153,297,7.28699999999998
2,300,4,32,"seq_mst",16360,54.5333333333333,40,339,5.58999999999997
2,300,4,33,"cold",47414,158.046666666667,150.5,353,15.165
2,300,4,33,"seq_mst",15149,50.4966666666667,40.5,276,3.37099999999998
2,300,4,34,"cold",49582,165.273333333333,159,331,13.88
2,300,4,34,"seq_mst",16397,54.6566666666667,46,249,3.31899999999996
2,300,4,35,"cold",54309,181.03,177.5,383,10.215
2,300,4,35,"seq_mst",15450,51.5,40,221,2.88300000000004
2,300,4,36,"cold",50491,168.303333333333,165,362,12.116
2,300,4,36,"seq_mst",16775,55.9166666666667,43,269,3.13800000000003
2,300,4,37,"cold",45334,151.113333333333,142,404,8.52200000000005
2,300,4,37,"seq_mst",15507,51.69,37,326,3.09899999999999
2,300,4,38,"cold",48545,161.816666666667,149,396,8.12099999999998
2,300,4,38,"seq_mst",16030,53.4333333333333,43,262,3.15699999999998
2,300,4,39,"cold",48981,163.27,158,432,7.86000000000001
2,300,4,39,"seq_mst",15485,51.6166666666667,40.5,388,3.12100000000004
2,300,4,40,"cold",52735,175.783333333333,167,436,3.467
2,300,4,40,"seq_mst",17397,57.99,41.5,304,0.997
2,300,4,41,"cold",44905,149.683333333333,146.5,299,2.886
2,300,4,41,"seq_mst",14603,48.6766666666667,37,260,0.852
2,300,4,42,"cold",46585,155.283333333333,150,329,2.479
2,300,4,42,"seq_mst",14764,49.2133333333333,35.5,319,1.019
2,300,4,43,"cold",50349,167.83,157,346,2.864
2,300,4,43,"seq_mst",16930,56.4333333333333,42,315,0.910000000000002
2,300,4,44,"cold",47088,156.96,145,386,2.871
2,300,4,44,"seq_mst",14927,49.7566666666667,36,302,0.906000000000002
2,300,4,45,"cold",50316,167.72,156,373,2.698
2,300,4,45,"seq_mst",15430,51.4333333333333,39,229,0.946000000000002
2,300,4,46,"cold",48970,163.233333333333,156,394,2.862
2,300,4,46,"seq_mst",13987,46.6233333333333,31,330,0.821000000000002
2,300,4,47,"cold",47126,157.086666666667,152.5,368,2.82
2,300,4,47,"seq_mst",16204,54.0133333333333,38.5,262,0.913999999999998
2,300,4,48,"cold",52957,176.523333333333,173,385,3.083
2,300,4,48,"seq_mst",15716,52.3866666666667,38,371,0.877000000000002
2,300,4,49,"cold",45985,153.283333333333,150,404,2.456
2,300,4,49,"seq_mst",14003,46.6766666666667,36,214,0.951
2,300,4,50,"cold",49779,165.93,144.5,464,2.806
2,300,4,50,"seq_mst",14300,47.6666666666667,40,229,0.756
2,300,4,51,"cold",45335,151.116666666667,139,324,2.556
2,300,4,51,"seq_mst",15034,50.1133333333333,40,268,0.967999999999996
2,300,4,52,"cold",45583,151.943333333333,145.5,280,2.518
2,300,4,52,"seq_mst",14470,48.2333333333333,39,238,0.820999999999998
2,300,4,53,"cold",46870,156.233333333333,145,347,2.642
2,300,4,53,"seq_mst",15450,51.5,44,263,0.978000000000002
2,300,4,54,"cold",42085,140.283333333333,132,345,2.262
2,300,4,54,"seq_mst",12509,41.6966666666667,33,255,0.759
2,300,4,55,"cold",47412,158.04,150,350,2.669
2,300,4,55,"seq_mst",15566,51.8866666666667,42,337,0.984000000000002
2,300,4,56,"cold",48595,161.983333333333,149,364,2.594
2,300,4,56,"seq_mst",16127,53.7566666666667,40,355,0.999000000000002
2,300,4,57,"cold",50111,167.036666666667,158,380,3.098
2,300,4,57,"seq_mst",16579,55.2633333333333,45,324,1.039
2,300,4,58,"cold",48781,162.603333333333,151,389,2.541
2,300,4,58,"seq_mst",14568,48.56,36,272,0.939999999999998
2,300,4,59,"cold",45625,152.083333333333,137,360,2.661
2,300,4,59,"seq_mst",15598,51.9933333333333,37,291,0.818000000000012
2,300,4,60,"cold",46216,154.053333333333,142,354,2.492
2,300,4,60,"seq_mst",14622,48.74,34,390,0.984000000000009
2,300,4,61,"cold",46811,156.036666666667,147,378,2.637
2,300,4,61,"seq_mst",15697,52.3233333333333,40,230,0.847999999999999
2,300,4,62,"cold",49244,164.146666666667,140.5,406,2.824
2,300,4,62,"seq_mst",12759,42.53,33,189,0.84899999999999
2,300,4,63,"cold",49056,163.52,155,361,2.635
2,300,4,63,"seq_mst",16232,54.1066666666667,40,258,0.980000000000004
2,300,4,64,"cold",45301,151.003333333333,139.5,341,2.605
2,300,4,64,"seq_mst",13858,46.1933333333333,36,233,0.840000000000003
2,300,4,65,"cold",48788,162.626666666667,157,357,2.628
2,300,4,65,"seq_mst",15311,51.0366666666667,41,273,0.875
2,300,4,66,"cold",49474,164.913333333333,157,371,2.884
2,300,4,66,"seq_mst",15575,51.9166666666667,36,238,0.959000000000003
2,300,4,67,"cold",51700,172.333333333333,163.5,416,2.685
2,300,4,67,"seq_mst",15979,53.2633333333333,40,290,0.98899999999999
2,300,4,68,"cold",48840,162.8,155,375,2.923
2,300,4,68,"seq_mst",14466,48.22,37,256,0.771000000000001
2,300,4,69,"cold",44565,148.55,139,359,2.425
2,300,4,69,"seq_mst",15213,50.71,40.5,338,1.027
2,300,4,70,"cold",48516,161.72,153,337,2.71000000000001
2,300,4,70,"seq_mst",15113,50.3766666666667,41,256,0.828000000000003
2,300,4,71,"cold",50502,168.34,164,400,2.84100000000001
2,300,4,71,"seq_mst",15368,51.2266666666667,37,290,0.977000000000004
2,300,4,72,"cold",51636,172.12,168,388,2.771
2,300,4,72,"seq_mst",16265,54.2166666666667,45,250,1.011
2,300,4,73,"cold",47793,159.31,155,295,2.44199999999999
2,300,4,73,"seq_mst",14663,48.8766666666667,38,237,0.677999999999997
2,300,4,74,"cold",48711,162.37,150,333,1.98099999999999
2,300,4,74,"seq_mst",13617,45.39,35.5,228,0.612999999999985
2,300,4,75,"cold",49892,166.306666666667,152,358,2.11100000000002
2,300,4,75,"seq_mst",16466,54.8866666666667,41,281,0.780000000000001
2,300,4,76,"cold",49886,166.286666666667,157,456,2.17600000000002
2,300,4,76,"seq_mst",17346,57.82,45,333,0.699000000000012
2,300,4,77,"cold",53689,178.963333333333,174,370,2.22800000000001
2,300,4,77,"seq_mst",15306,51.02,39,276,0.731999999999999
2,300,4,78,"cold",46883,156.276666666667,151.5,333,2.05099999999999
2,300,4,78,"seq_mst",15408,51.36,43,295,0.686000000000007
2,300,4,79,"cold",49031,163.436666666667,152.5,363,1.971
2,300,4,79,"seq_mst",16353,54.51,42.5,333,0.681999999999988
2,300,4,80,"cold",53608,178.693333333333,166,397,2.40900000000002
2,300,4,80,"seq_mst",16650,55.5,40,337,0.757000000000005
2,300,4,81,"cold",50028,166.76,156,367,1.99700000000001
2,300,4,81,"seq_mst",15961,53.2033333333333,42,246,0.740999999999985
2,300,4,82,"cold",48532,161.773333333333,150,337,2.096
2,300,4,82,"seq_mst",15165,50.55,38,323,0.712999999999994
2,300,4,83,"cold",44527,148.423333333333,139,367,1.87899999999999
2,300,4,83,"seq_mst",14680,48.9333333333333,36,282,0.582999999999998
2,300,4,84,"cold",44658,148.86,145,334,1.852
2,300,4,84,"seq_mst",16353,54.51,40.5,281,0.801999999999992
2,300,4,85,"cold",52652,175.506666666667,162,367,2.315
2,300,4,85,"seq_mst",15561,51.87,39,297,0.691000000000003
2,300,4,86,"cold",47466,158.22,150,309,1.90100000000001
2,300,4,86,"seq_mst",15207,50.69,38.5,249,0.62299999999999
2,300,4,87,"cold",47930,159.766666666667,143,367,2.143
2,300,4,87,"seq_mst",15602,52.0066666666667,42,266,0.781000000000006
2,300,4,88,"cold",52818,176.06,169.5,330,2.12300000000002
2,300,4,88,"seq_mst",16747,55.8233333333333,39,393,0.739000000000004
2,300,4,89,"cold",48413,161.376666666667,154.5,369,2.059
2,300,4,89,"seq_mst",13454,44.8466666666667,33,306,0.677999999999997
2,300,4,90,"cold",47631,158.77,152,322,2.09799999999998
2,300,4,90,"seq_mst",14892,49.64,40,244,0.614000000000004
2,300,4,91,"cold",53259,177.53,170.5,325,2.21600000000001
2,300,4,91,"seq_mst",15776,52.5866666666667,40.5,266,0.805000000000007
2,300,4,92,"cold",45154,150.513333333333,139,365,2.00300000000001
2,300,4,92,"seq_mst",14669,48.8966666666667,38,239,0.640000000000015
2,300,4,93,"cold",46810,156.033333333333,151,325,1.97699999999998
2,300,4,93,"seq_mst",15501,51.67,38,306,0.636000000000024
2,300,4,94,"cold",45952,153.173333333333,134,377,2.27999999999997
2,300,4,94,"seq_mst",14543,48.4766666666667,37,283,0.66500000000002
2,300,4,95,"cold",51952,173.173333333333,168.5,343,2.10399999999998
2,300,4,95,"seq_mst",15796,52.6533333333333,42,268,0.739000000000004
2,300,4,96,"cold",49944,166.48,158.5,361,2.18600000000001
2,300,4,96,"seq_mst",15326,51.0866666666667,37,258,0.942000000000007
2,300,4,97,"cold",50064,166.88,157.5,448,2.01700000000002
2,300,4,97,"seq_mst",16277,54.2566666666667,39,368,0.73599999999999
2,300,4,98,"cold",48748,162.493333333333,149.5,415,2.01900000000001
2,300,4,98,"seq_mst",15739,52.4633333333333,40,318,0.770999999999987
2,300,4,99,"cold",47319,157.73,146.5,351,2.06400000000002
2,300,4,99,"seq_mst",13308,44.36,36,212,0.558999999999997
2,300,4,100,"cold",50852,169.506666666667,153,432,2.03900000000002
2,300,4,100,"seq_mst",15157,50.5233333333333,35,316,0.676999999999992
2,500,4,1,"cold",130933,261.866,246,640,30.189
2,500,4,1,"seq_mst",34775,69.55,56.5,442,8.531
2,500,4,2,"cold",132066,264.132,239.5,588,31.751
2,500,4,2,"seq_mst",33184,66.368,54.5,403,8.43499999999999
2,500,4,3,"cold",138325,276.65,245,689,38.402
2,500,4,3,"seq_mst",39175,78.35,58,488,10.784
2,500,4,4,"cold",129512,259.024,247,624,33.565
2,500,4,4,"seq_mst",36234,72.468,56,472,10.446
2,500,4,5,"cold",129618,259.236,238.5,585,35.067
2,500,4,5,"seq_mst",37281,74.562,58,457,10.368
2,500,4,6,"cold",146082,292.164,271,703,40.605
2,500,4,6,"seq_mst",38036,76.072,59,427,18.59
2,500,4,7,"cold",118688,237.376,217,644,31.314
2,500,4,7,"seq_mst",36909,73.818,56,414,5.07600000000002
2,500,4,8,"cold",142725,285.45,273,755,28.486
2,500,4,8,"seq_mst",39338,78.676,59,513,9.26999999999998
2,500,4,9,"cold",133262,266.524,253,596,17.815
2,500,4,9,"seq_mst",35161,70.322,55.5,496,4.971
2,500,4,10,"cold",131430,262.86,246.5,631,30.041
2,500,4,10,"seq_mst",38876,77.752,58,527,15.984
2,500,4,11,"cold",137800,275.6,269,590,36.401
2,500,4,11,"seq_mst",37799,75.598,56,607,11.994
2,500,4,12,"cold",132655,265.31,242,644,20.952
2,500,4,12,"seq_mst",39392,78.784,58.5,503,6.207
2,500,4,13,"cold",134285,268.57,266.5,592,19.965
2,500,4,13,"seq_mst",37986,75.972,56,564,7.563
2,500,4,14,"cold",123431,246.862,230,561,20.382
2,500,4,14,"seq_mst",35619,71.238,56.5,513,5.74
2,500,4,15,"cold",144479,288.958,273,704,22.931
2,500,4,15,"seq_mst",36010,72.02,53,484,5.73400000000001
2,500,4,16,"cold",128391,256.782,253,545,19.63
2,500,4,16,"seq_mst",34833,69.666,50,457,6.18799999999999
2,500,4,17,"cold",126386,252.772,239,637,9.455
2,500,4,17,"seq_mst",39837,79.674,57,550,2.906
2,500,4,18,"cold",133737,267.474,250,561,9.179
2,500,4,18,"seq_mst",39152,78.304,61,555,2.828
2,500,4,19,"cold",126859,253.718,240,648,8.683
2,500,4,19,"seq_mst",35549,71.098,52.5,542,2.743
2,500,4,20,"cold",125121,250.242,227.5,663,8.534
2,500,4,20,"seq_mst",39924,79.848,62,521,2.917
2,500,4,21,"cold",133638,267.276,261.5,644,9.237
2,500,4,21,"seq_mst",40354,80.708,55.5,454,2.841
2,500,4,22,"cold",122613,245.226,224.5,733,9.018
2,500,4,22,"seq_mst",36319,72.638,53.5,529,2.639
2,500,4,23,"cold",129662,259.324,232.5,710,9.016
2,500,4,23,"seq_mst",32855,65.71,50,444,2.526
2,500,4,24,"cold",135799,271.598,264.5,522,9.19499999999999
2,500,4,24,"seq_mst",39692,79.384,62,469,3.012
2,500,4,25,"cold",131033,262.066,244,636,8.92399999999999
2,500,4,25,"seq_mst",38139,76.278,59,452,2.77500000000001
2,500,4,26,"cold",134192,268.384,259,599,9.19
2,500,4,26,"seq_mst",39163,78.326,55,611,2.77500000000001
2,500,4,27,"cold",126988,253.976,226,728,9.016
2,500,4,27,"seq_mst",37624,75.248,55,566,2.834
2,500,4,28,"cold",137523,275.046,257.5,707,9.56
2,500,4,28,"seq_mst",37083,74.166,57,405,2.56199999999998
2,500,4,29,"cold",120929,241.858,230.5,612,8.233
2,500,4,29,"seq_mst",38396,76.792,54,483,2.95499999999998
2,500,4,30,"cold",137067,274.134,260,610,9.27500000000001
2,500,4,30,"seq_mst",35876,71.752,56,391,2.67699999999999
2,500,4,31,"cold",129283,258.566,249,625,9.18700000000001
2,500,4,31,"seq_mst",40231,80.462,59,415,2.92499999999998
2,500,4,32,"cold",134388,268.776,246.5,630,9.39499999999998
2,500,4,32,"seq_mst",35674,71.348,54,521,2.69999999999999
2,500,4,33,"cold",141489,282.978,271.5,669,9.977
2,500,4,33,"seq_mst",38334,76.668,58,567,2.589
2,500,4,34,"cold",136265,272.53,237,699,9.577
2,500,4,34,"seq_mst",39353,78.706,53,566,2.76899999999998
2,500,4,35,"cold",135279,270.558,255,753,9.24699999999999
2,500,4,35,"seq_mst",37250,74.5,58,475,2.691
2,500,4,36,"cold",143209,286.418,276,597,9.88400000000001
2,500,4,36,"seq_mst",41502,83.004,61,598,3.07900000000001
2,500,4,37,"cold",123845,247.69,231,649,8.78899999999999
2,500,4,37,"seq_mst",40385,80.77,59,667,3.06999999999999
2,500,4,38,"cold",131378,262.756,247,692,8.88900000000001
2,500,4,38,"seq_mst",38355,76.71,57.5,543,2.81099999999998
2,500,4,39,"cold",127354,254.708,228.5,574,8.81100000000004
2,500,4,39,"seq_mst",36628,73.256,53.5,502,2.49900000000002
2,500,4,40,"cold",135944,271.888,256,647,9.47300000000001
2,500,4,40,"seq_mst",37879,75.758,58,587,2.71300000000002
2,500,4,41,"cold",132533,265.066,245,616,9.084
2,500,4,41,"seq_mst",38322,76.644,57,474,2.77300000000002
2,500,4,42,"cold",133693,267.386,250,654,9.45399999999995
2,500,4,42,"seq_mst",37415,74.83,58,422,2.875
2,500,4,43,"cold",131804,263.608,251,589,8.822
2,500,4,43,"seq_mst",39241,78.482,59,466,2.95699999999999
2,500,4,44,"cold",118307,236.614,218.5,547,8.14999999999998
2,500,4,44,"seq_mst",35703,71.406,57,497,2.42500000000001
2,500,4,45,"cold",131572,263.144,234.5,643,9.11899999999997
2,500,4,45,"seq_mst",34366,68.732,50.5,499,2.40299999999996
2,500,4,46,"cold",122827,245.654,223,657,8.40800000000002
2,500,4,46,"seq_mst",36727,73.454,53,435,2.86200000000002
2,500,4,47,"cold",133312,266.624,251,608,9.35300000000001
2,500,4,47,"seq_mst",35214,70.428,54,535,2.64100000000002
2,500,4,48,"cold",141921,283.842,265,666,9.71699999999998
2,500,4,48,"seq_mst",38598,77.196,57,588,2.815
2,500,4,49,"cold",140513,281.026,269,564,9.72699999999998
2,500,4,49,"seq_mst",39005,78.01,58,427,2.81300000000005
2,500,4,50,"cold",133514,267.028,245.5,586,9.298
2,500,4,50,"seq_mst",36958,73.916,59,432,2.495
2,500,4,51,"cold",141862,283.724,262,667,9.90999999999997
2,500,4,51,"seq_mst",36531,73.062,54,449,2.77299999999997
2,500,4,52,"cold",132342,264.684,247,626,7.726
2,500,4,52,"seq_mst",40300,80.6,61,585,2.387
2,500,4,53,"cold",139646,279.292,260,598,7.36100000000005
2,500,4,53,"seq_mst",36353,72.706,56,483,1.91199999999998
2,500,4,54,"cold",131129,262.258,245.5,674,6.786
2,500,4,54,"seq_mst",38251,76.502,57,503,2.14099999999996
2,500,4,55,"cold",128597,257.194,234,716,6.70100000000002
2,500,4,55,"seq_mst",33005,66.01,52,487,1.87700000000001
2,500,4,56,"cold",134467,268.934,256,652,7.04999999999995
2,500,4,56,"seq_mst",40233,80.466,60,352,2.118
2,500,4,57,"cold",129888,259.776,237,568,6.74100000000004
2,500,4,57,"seq_mst",37896,75.792,57,582,2.21099999999996
2,500,4,58,"cold",145410,290.82,280.5,727,7.94900000000001
2,500,4,58,"seq_mst",37645,75.29,57.5,498,1.96800000000002
2,500,4,59,"cold",136263,272.526,251,683,8.75
2,500,4,59,"seq_mst",39971,79.942,59,584,3.10899999999998
2,500,4,60,"cold",135688,271.376,253,631,9.29900000000004
2,500,4,60,"seq_mst",34678,69.356,55.5,432,2.67199999999997
2,500,4,61,"cold",129939,259.878,244.5,568,9.07899999999995
2,500,4,61,"seq_mst",34159,68.318,54,510,2.53800000000001
2,500,4,62,"cold",126203,252.406,241,625,8.79300000000001
2,500,4,62,"seq_mst",35227,70.454,51.5,378,2.47299999999996
2,500,4,63,"cold",128372,256.744,228,618,9.07999999999993
2,500,4,63,"seq_mst",37923,75.846,54,476,2.69299999999998
2,500,4,64,"cold",133567,267.134,249,611,9.74200000000008
2,500,4,64,"seq_mst",36449,72.898,56.5,489,2.67499999999995
2,500,4,65,"cold",128344,256.688,242.5,573,9.01800000000003
2,500,4,65,"seq_mst",34998,69.996,56,334,2.71499999999992
2,500,4,66,"cold",134349,268.698,250,894,9.346
2,500,4,66,"seq_mst",38019,76.038,56.5,573,2.87099999999998
2,500,4,67,"cold",140097,280.194,258.5,633,9.553
2,500,4,67,"seq_mst",38036,76.072,52.5,478,2.82899999999995
2,500,4,68,"cold",132509,265.018,253,676,9.0680000000001
2,500,4,68,"seq_mst",34632,69.264,47.5,494,2.42499999999995
2,500,4,69,"cold",133509,267.018,253,574,9.52100000000007
2,500,4,69,"seq_mst",38778,77.556,59,430,2.96400000000006
2,500,4,70,"cold",131874,263.748,250.5,562,9.28800000000001
2,500,4,70,"seq_mst",35549,71.098,56,501,2.49900000000002
2,500,4,71,"cold",134126,268.252,248,676,9.28300000000002
2,500,4,71,"seq_mst",41508,83.016,64,508,2.99599999999998
2,500,4,72,"cold",143306,286.612,271,643,9.80000000000007
2,500,4,72,"seq_mst",39699,79.398,56,467,3.05799999999999
2,500,4,73,"cold",140463,280.926,269,616,9.35200000000009
2,500,4,73,"seq_mst",38442,76.884,54.5,573,2.94000000000005
2,500,4,74,"cold",137994,275.988,249,625,9.481
2,500,4,74,"seq_mst",39461,78.922,55,533,3.226
2,500,4,75,"cold",125665,251.33,231.5,598,8.54700000000003
2,500,4,75,"seq_mst",35502,71.004,56,545,2.57100000000003
2,500,4,76,"cold",140841,281.682,266,658,9.75199999999995
2,500,4,76,"seq_mst",36820,73.64,56,457,2.55799999999999
2,500,4,77,"cold",131769,263.538,245,694,9.31600000000003
2,500,4,77,"seq_mst",36350,72.7,56,453,2.63100000000009
2,500,4,78,"cold",137762,275.524,247.5,640,9.56400000000008
2,500,4,78,"seq_mst",36801,73.602,54,546,2.67200000000003
2,500,4,79,"cold",134793,269.586,257,583,9.52099999999996
2,500,4,79,"seq_mst",40421,80.842,60,452,3.23800000000006
2,500,4,80,"cold",138403,276.806,258,561,9.39999999999998
2,500,4,80,"seq_mst",39142,78.284,56,463,3.02800000000002
2,500,4,81,"cold",130051,260.102,246,654,8.79599999999994
2,500,4,81,"seq_mst",39908,79.816,60,595,2.99099999999999
2,500,4,82,"cold",131436,262.872,240,654,9.01999999999998
2,500,4,82,"seq_mst",36978,73.956,56,406,2.74200000000008
2,500,4,83,"cold",126711,253.422,229.5,750,8.81200000000001
2,500,4,83,"seq_mst",39446,78.892,56,570,2.75200000000007
2,500,4,84,"cold",134377,268.754,258,651,9.66399999999999
2,500,4,84,"seq_mst",36512,73.024,54,483,2.548
2,500,4,85,"cold",124594,249.188,238,606,8.65500000000009
2,500,4,85,"seq_mst",39774,79.548,58,446,3.00400000000002
2,500,4,86,"cold",129926,259.852,245.5,546,8.86599999999999
2,500,4,86,"seq_mst",35784,71.568,53,414,2.90300000000002
2,500,4,87,"cold",132928,265.856,256,622,9.02999999999997
2,500,4,87,"seq_mst",37367,74.734,56,451,2.79900000000009
2,500,4,88,"cold",124968,249.936,223,709,7.69399999999996
2,500,4,88,"seq_mst",38828,77.656,57,516,2.05899999999997
2,500,4,89,"cold",122935,245.87,228.5,637,7.29700000000003
2,500,4,89,"seq_mst",38751,77.502,61,549,2.29199999999992
2,500,4,90,"cold",126597,253.194,238,693,6.63499999999999
2,500,4,90,"seq_mst",37327,74.654,55,534,2.91800000000001
2,500,4,91,"cold",137090,274.18,251.5,579,9.77100000000007
2,500,4,91,"seq_mst",40141,80.282,59,549,3.04399999999998
2,500,4,92,"cold",140792,281.584,264,809,9.72300000000007
2,500,4,92,"seq_mst",37280,74.56,56,487,2.976
2,500,4,93,"cold",136526,273.052,246,653,9.40300000000002
2,500,4,93,"seq_mst",39798,79.596,57,531,3.024
2,500,4,94,"cold",124573,249.146,245,560,8.48400000000004
2,500,4,94,"seq_mst",37817,75.634,56,532,2.77700000000004
2,500,4,95,"cold",126006,252.012,238,716,8.74800000000005
2,500,4,95,"seq_mst",36440,72.88,52,498,2.62700000000007
2,500,4,96,"cold",141684,283.368,266,682,9.95400000000006
2,500,4,96,"seq_mst",35027,70.054,55,554,2.49400000000003
2,500,4,97,"cold",133766,267.532,248,659,9.269
2,500,4,97,"seq_mst",38239,76.478,57,489,2.78899999999999
2,500,4,98,"cold",123650,247.3,228,606,8.447
2,500,4,98,"seq_mst",33478,66.956,51,483,2.57600000000002
2,500,4,99,"cold",133864,267.728,238.5,647,9.25199999999995
2,500,4,99,"seq_mst",37613,75.226,57.5,471,2.80399999999997
2,500,4,100,"cold",124798,249.596,234.5,623,8.71299999999997
2,500,4,100,"seq_mst",40013,80.026,58,454,2.78699999999992
2,800,4,1,"cold",370702,463.3775,426.5,1096,115.298
2,800,4,1,"seq_mst",84903,106.12875,75,763,31.107
2,800,4,2,"cold",348899,436.12375,411,1025,127.277
2,800,4,2,"seq_mst",89181,111.47625,83,745,31.293
2,800,4,3,"cold",340726,425.9075,406.5,956,71.562
2,800,4,3,"seq_mst",87763,109.70375,79,829,26.887
2,800,4,4,"cold",358980,448.725,418,1134,113.365
2,800,4,4,"seq_mst",80209,100.26125,77,815,12.226
2,800,4,5,"cold",325484,406.855,373,1051,44.658
2,800,4,5,"seq_mst",85052,106.315,78.5,794,7.48800000000006
2,800,4,6,"cold",333833,417.29125,382,1088,37.228
2,800,4,6,"seq_mst",86502,108.1275,79,821,12.4000000000001
2,800,4,7,"cold",347593,434.49125,397.5,1142,42.0849999999999
2,800,4,7,"seq_mst",88880,111.1,79,927,6.59500000000003
2,800,4,8,"cold",338571,423.21375,415.5,946,24.306
2,800,4,8,"seq_mst",84838,106.0475,78,898,6.25
2,800,4,9,"cold",318222,397.7775,364.5,1005,22.775
2,800,4,9,"seq_mst",83036,103.795,73.5,825,5.87099999999998
2,800,4,10,"cold",327055,408.81875,368,992,23.173
2,800,4,10,"seq_mst",91185,113.98125,82,863,11.9109999999999
2,800,4,11,"cold",342449,428.06125,392,1085,43.292
2,800,4,11,"seq_mst",82728,103.41,76,917,10.693
2,800,4,12,"cold",327940,409.925,390,870,38.204
2,800,4,12,"seq_mst",89162,111.4525,81,956,10.626
2,800,4,13,"cold",347671,434.58875,390,1204,37.516
2,800,4,13,"seq_mst",86473,108.09125,78,900,9.81900000000007
2,800,4,14,"cold",356515,445.64375,396,1150,37.981
2,800,4,14,"seq_mst",81865,102.33125,79.5,826,9.16399999999999
2,800,4,15,"cold",323764,404.705,367,1021,32.0519999999999
2,800,4,15,"seq_mst",84611,105.76375,81,952,9.27699999999993
2,800,4,16,"cold",324678,405.8475,387.5,1000,38.5079999999999
2,800,4,16,"seq_mst",81653,102.06625,76.5,815,8.51999999999998
2,800,4,17,"cold",327433,409.29125,380,941,32.9289999999999
2,800,4,17,"seq_mst",83829,104.78625,75,840,10.4880000000001
2,800,4,18,"cold",303048,378.81,356,909,32.3900000000001
2,800,4,18,"seq_mst",87699,109.62375,77,829,9.47399999999993
2,800,4,19,"cold",339693,424.61625,390,1154,37.3099999999999
2,800,4,19,"seq_mst",89714,112.1425,78,931,10.2230000000002
2,800,4,20,"cold",313550,391.9375,370,1002,37.373
2,800,4,20,"seq_mst",82211,102.76375,72,783,9.60900000000015
2,800,4,21,"cold",333105,416.38125,390,1173,35.4740000000002
2,800,4,21,"seq_mst",83772,104.715,76,778,9.91999999999985
2,800,4,22,"cold",336378,420.4725,389,1200,35.9289999999999
2,800,4,22,"seq_mst",81708,102.135,77,792,9.50599999999986
2,800,4,23,"cold",320484,400.605,362.5,980,35.0799999999999
2,800,4,23,"seq_mst",83812,104.765,79.5,923,9.33299999999986
2,800,4,24,"cold",331500,414.375,372.5,1014,35.5070000000001
2,800,4,24,"seq_mst",86727,108.40875,78,924,9.77999999999997
2,800,4,25,"cold",317937,397.42125,387,901,38.3710000000001
2,800,4,25,"seq_mst",86592,108.24,75.5,861,11.5709999999999
2,800,4,26,"cold",332784,415.98,386.5,1101,40.817
2,800,4,26,"seq_mst",84836,106.045,77,801,11.1840000000002
2,800,4,27,"cold",327888,409.86,382,919,42.4060000000002
2,800,4,27,"seq_mst",83646,104.5575,75,852,11.5219999999999
2,800,4,28,"cold",309211,386.51375,343,1034,39.442
2,800,4,28,"seq_mst",81366,101.7075,72,882,9.40100000000007
2,800,4,29,"cold",316088,395.11,360,1140,37.9090000000001
2,800,4,29,"seq_mst",85445,106.80625,80,703,11.5239999999999
2,800,4,30,"cold",336581,420.72625,392.5,977,40.4430000000002
2,800,4,30,"seq_mst",84230,105.2875,78,859,11.338
2,800,4,31,"cold",300612,375.765,350,901,35.819
2,800,4,31,"seq_mst",87494,109.3675,80.5,858,8.99100000000021
2,800,4,32,"cold",329736,412.17,381.5,1001,34.1670000000001
2,800,4,32,"seq_mst",85823,107.27875,78,823,8.69699999999989
2,800,4,33,"cold",303233,379.04125,379.5,994,33.471
2,800,4,33,"seq_mst",87270,109.0875,81.5,863,9.59500000000003
2,800,4,34,"cold",338113,422.64125,378,1120,37.5310000000002
2,800,4,34,"seq_mst",91522,114.4025,82,780,14.3400000000001
2,800,4,35,"cold",345162,431.4525,402.5,940,49.1320000000001
2,800,4,35,"seq_mst",85900,107.375,84,766,13.5260000000001
2,800,4,36,"cold",318577,398.22125,367,984,45.759
2,800,4,36,"seq_mst",89585,111.98125,82,828,13.356
2,800,4,37,"cold",345968,432.46,404.5,1120,53.306
2,800,4,37,"seq_mst",90060,112.575,82,770,13.8310000000001
2,800,4,38,"cold",328602,410.7525,386,918,50.6370000000002
2,800,4,38,"seq_mst",84070,105.0875,78,665,12.7219999999998
2,800,4,39,"cold",329166,411.4575,373,961,49.741
2,800,4,39,"seq_mst",85683,107.10375,80,895,13.6480000000001
2,800,4,40,"cold",340567,425.70875,380,1251,61.2870000000003
2,800,4,40,"seq_mst",87704,109.63,80,909,18.6700000000001
2,800,4,41,"cold",337323,421.65375,395,1082,66.4899999999998
2,800,4,41,"seq_mst",86944,108.68,81,912,17.8759999999997
2,800,4,42,"cold",378803,473.50375,423,1083,49.049
2,800,4,42,"seq_mst",80834,101.0425,77.5,754,10.0319999999997
2,800,4,43,"cold",339098,423.8725,385,918,41.0389999999998
2,800,4,43,"seq_mst",82453,103.06625,78,699,10.172
2,800,4,44,"cold",336576,420.72,387,1335,38.848
2,800,4,44,"seq_mst",88158,110.1975,85,773,10.3990000000003
2,800,4,45,"cold",348247,435.30875,390.5,1123,42.933
2,800,4,45,"seq_mst",86634,108.2925,80.5,933,9.88100000000031
2,800,4,46,"cold",354464,443.08,411,1292,40.8229999999999
2,800,4,46,"seq_mst",87581,109.47625,77,816,12.2139999999999
2,800,4,47,"cold",331946,414.9325,387,906,41.2139999999999
2,800,4,47,"seq_mst",84284,105.355,76,816,10.1579999999999
2,800,4,48,"cold",338193,422.74125,395,1086,37.145
2,800,4,48,"seq_mst",83474,104.3425,76.5,771,9.28899999999976
2,800,4,49,"cold",353489,441.86125,416.5,998,38.366
2,800,4,49,"seq_mst",88836,111.045,83,750,9.70499999999993
2,800,4,50,"cold",353319,441.64875,411,1060,37.4300000000003
2,800,4,50,"seq_mst",83490,104.3625,74.5,766,10.2179999999998
2,800,4,51,"cold",351281,439.10125,398,1055,36.9649999999997
2,800,4,51,"seq_mst",83439,104.29875,74.5,810,9.73099999999977
2,800,4,52,"cold",346181,432.72625,411.5,901,38.9779999999996
2,800,4,52,"seq_mst",83787,104.73375,82,691,9.4079999999999
2,800,4,53,"cold",300115,375.14375,362.5,1023,30.6500000000001
2,800,4,53,"seq_mst",88233,110.29125,82,767,8.15499999999975
2,800,4,54,"cold",347881,434.85125,396.5,987,27.3110000000001
2,800,4,54,"seq_mst",84726,105.9075,75,791,6.89099999999962
2,800,4,55,"cold",325935,407.41875,384,1033,33.5449999999996
2,800,4,55,"seq_mst",82841,103.55125,77,720,14.895
2,800,4,56,"cold",319821,399.77625,375,828,332.244
2,800,4,56,"seq_mst",83061,103.82625,82,778,8.12700000000041
2,800,4,57,"cold",330740,413.425,388,1244,328.827
2,800,4,57,"seq_mst",81370,101.7125,71,879,7.5949999999998
2,800,4,58,"cold",325581,406.97625,377,1004,28.636
2,800,4,58,"seq_mst",85111,106.38875,76,936,8.04599999999982
2,800,4,59,"cold",321841,402.30125,381,1063,28.5729999999999
2,800,4,59,"seq_mst",88817,111.02125,79,759,8.19599999999991
2,800,4,60,"cold",339789,424.73625,391.5,1143,30.3230000000003
2,800,4,60,"seq_mst",81496,101.87,76.5,758,7.70800000000008
2,800,4,61,"cold",336985,421.23125,390,1128,29.788
2,800,4,61,"seq_mst",85870,107.3375,82,782,8.43000000000029
2,800,4,62,"cold",333190,416.4875,378,1043,332.473
2,800,4,62,"seq_mst",89716,112.145,78.5,919,8.19000000000051
2,800,4,63,"cold",313035,391.29375,356.5,1033,470.75
2,800,4,63,"seq_mst",79286,99.1075,69,747,7.85199999999986
2,800,4,64,"cold",337210,421.5125,400,868,30.7730000000001
2,800,4,64,"seq_mst",88678,110.8475,78,817,1038.067
2,800,4,65,"cold",337431,421.78875,399,871,37.7379999999994
2,800,4,65,"seq_mst",80208,100.26,75,793,37.3590000000004
2,800,4,66,"cold",331308,414.135,402.5,1027,30.1359999999995
2,800,4,66,"seq_mst",83332,104.165,77,824,7.62599999999929
2,800,4,67,"cold",319282,399.1025,357,1196,84.6839999999993
2,800,4,67,"seq_mst",79825,99.78125,75,805,7.76099999999951
2,800,4,68,"cold",336848,421.06,400.5,1310,954.632
2,800,4,68,"seq_mst",87106,108.8825,77,811,11.482
2,800,4,69,"cold",300731,375.91375,356,1018,537.824
2,800,4,69,"seq_mst",83443,104.30375,76,881,11.5320000000002
2,800,4,70,"cold",332471,415.58875,391.5,992,30.1599999999999
2,800,4,70,"seq_mst",90189,112.73625,78,762,8.59299999999985
2,800,4,71,"cold",324692,405.865,376,1104,29.3560000000007
2,800,4,71,"seq_mst",82753,103.44125,80,867,7.76099999999951
2,800,4,72,"cold",318115,397.64375,362,990,28.2370000000001
2,800,4,72,"seq_mst",87468,109.335,83,759,8.33699999999953
2,800,4,73,"cold",343602,429.5025,375,1073,30.067
2,800,4,73,"seq_mst",87196,108.995,83,931,8.13599999999951
2,800,4,74,"cold",336859,421.07375,399.5,1039,30.232
2,800,4,74,"seq_mst",87858,109.8225,81,870,8.05099999999948
2,800,4,75,"cold",335705,419.63125,404,935,30.0380000000005
2,800,4,75,"seq_mst",90311,112.88875,82,815,8.54300000000057
2,800,4,76,"cold",345407,431.75875,420,872,30.7769999999991
2,800,4,76,"seq_mst",88157,110.19625,80,929,8.08899999999994
2,800,4,77,"cold",318978,398.7225,372,1040,28.4980000000005
2,800,4,77,"seq_mst",87338,109.1725,80,717,8.09799999999996
2,800,4,78,"cold",353756,442.195,399,1081,31.424
2,800,4,78,"seq_mst",86414,108.0175,80,685,7.97400000000016
2,800,4,79,"cold",357201,446.50125,420,1082,31.7390000000005
2,800,4,79,"seq_mst",90693,113.36625,82,856,8.39900000000034
2,800,4,80,"cold",325413,406.76625,389,1030,28.7519999999995
2,800,4,80,"seq_mst",85911,107.38875,74,880,8.21300000000065
2,800,4,81,"cold",336071,420.08875,399,915,29.6239999999998
2,800,4,81,"seq_mst",85030,106.2875,77,806,7.84599999999955
2,800,4,82,"cold",364808,456.01,424.5,1002,32.6959999999999
2,800,4,82,"seq_mst",92018,115.0225,88,751,8.71199999999953
2,800,4,83,"cold",320696,400.87,369.5,1046,28.2419999999993
2,800,4,83,"seq_mst",90832,113.54,86,754,8.17500000000018
2,800,4,84,"cold",349703,437.12875,384.5,1229,31.3040000000001
2,800,4,84,"seq_mst",81458,101.8225,74.5,712,7.47099999999955
2,800,4,85,"cold",344893,431.11625,391,1076,30.5500000000002
2,800,4,85,"seq_mst",88391,110.48875,82,926,8.25500000000011
2,800,4,86,"cold",340861,426.07625,400,958,30.5549999999994
2,800,4,86,"seq_mst",84747,105.93375,78,733,7.87400000000071
2,800,4,87,"cold",340702,425.8775,399.5,996,30.3519999999999
2,800,4,87,"seq_mst",89587,111.98375,83,756,6.5689999999995
2,800,4,88,"cold",346855,433.56875,393,1238,23.1900000000005
2,800,4,88,"seq_mst",84825,106.03125,83,687,6.01400000000103
2,800,4,89,"cold",328219,410.27375,389,962,22.8379999999997
2,800,4,89,"seq_mst",88488,110.61,79.5,940,8.55900000000111
2,800,4,90,"cold",329895,412.36875,375.5,1016,29.0550000000003
2,800,4,90,"seq_mst",82937,103.67125,80,886,7.57799999999952
2,800,4,91,"cold",321509,401.88625,358,1131,29.0550000000003
2,800,4,91,"seq_mst",81468,101.835,74,966,7.60200000000077
2,800,4,92,"cold",355795,444.74375,414.5,998,31.3469999999998
2,800,4,92,"seq_mst",88059,110.07375,83,851,8.1299999999992
2,800,4,93,"cold",326194,407.7425,369.5,994,28.8709999999992
2,800,4,93,"seq_mst",82770,103.4625,78,863,7.78500000000167
2,800,4,94,"cold",307076,383.845,350,984,27.4459999999999
2,800,4,94,"seq_mst",89322,111.6525,84.5,851,8.52199999999903
2,800,4,95,"cold",324727,405.90875,366,1204,28.5779999999995
2,800,4,95,"seq_mst",81717,102.14625,80,789,7.6880000000001
2,800,4,96,"cold",348939,436.17375,422.5,924,31.0500000000011
2,800,4,96,"seq_mst",84677,105.84625,80,775,7.94400000000132
2,800,4,97,"cold",349022,436.2775,397.5,1188,30.7189999999991
2,800,4,97,"seq_mst",84609,105.76125,80,847,7.95000000000073
2,800,4,98,"cold",347525,434.40625,394,954,30.4210000000003
2,800,4,98,"seq_mst",83469,104.33625,78,752,7.6929999999993
2,800,4,99,"cold",324154,405.1925,377.5,957,29.0640000000003
2,800,4,99,"seq_mst",83476,104.345,78,727,7.88100000000122
2,800,4,100,"cold",322467,403.08375,383,1116,28.3999999999996
2,800,4,100,"seq_mst",91789,114.73625,82,826,8.97099999999955
