case,n,p,replication,h_summary,input_max_abs_diff,mst_max_abs_diff,mst_mean_edge_weight,mst_max_edge_weight,input_mean_edge_weight,input_max_edge_weight
1,300,4,1,"0.6837,0.6402,0.6907,0.6759",1.3486989303146402e-12,1.5587531265737198e-13,1.0215080756783133,2.4270760925832144,4.009355388787532,8.887151184392936
1,300,4,2,"0.6964,0.6474,0.6498,0.6659",4.778399897986674e-13,5.5289106626332796e-14,1.0201234379932886,3.3493766675012497,3.96902270662087,8.09414386349189
1,300,4,3,"0.6566,0.6575,0.7119,0.6436",5.795364188543317e-13,1.3711254354120683e-13,1.0342429406263118,2.7370195940457274,3.9432422377761283,9.65024238606914
1,300,4,4,"0.6733,0.6388,0.6528,0.6494",5.782041512247815e-13,2.3581137043038325e-13,0.9946415027293137,2.7761843430112716,3.9797738181836464,8.588054062967654
1,300,4,5,"0.7087,0.6942,0.7216,0.6236",6.554756737386924e-13,7.904787935331115e-14,1.001653125102086,2.3781758079654813,3.9737045189795075,8.300198675775217
1,300,4,6,"0.6675,0.6843,0.6982,0.657",9.607870055106105e-13,6.217248937900877e-14,1.0160470169904476,2.7831024084436295,4.0070328969540965,8.381434582276384
1,300,4,7,"0.6699,0.6672,0.6563,0.6995",2.426947531830592e-13,1.5987211554602254e-13,1.021913358667746,3.0248004794802443,3.9075177571416986,8.850484299455262
1,300,4,8,"0.664,0.681,0.6765,0.6876",9.50794998288984e-13,5.1514348342607263e-14,1.0186912460637991,2.722969919489229,3.969104887743645,8.386157244053038
1,300,4,9,"0.6953,0.6349,0.7046,0.6642",1.9453327837481993e-12,1.8740564655672642e-13,1.0160252273027037,3.243751457233301,3.9577238692817547,7.782829978345726
1,300,4,10,"0.7165,0.6469,0.6226,0.7155",3.9523939676655573e-13,1.6298074001497298e-13,1.0279666758125776,3.195297816553817,3.9465330506012606,8.470400708430242
1,500,4,1,"0.607,0.6035,0.6005,0.6279",2.787325925623918e-12,3.4372504842394846e-13,0.9608816226522262,3.4236678838348125,4.2655543388104835,10.365557361234641
1,500,4,2,"0.6348,0.6368,0.6151,0.6366",1.2896350654045818e-12,2.4846791291111003e-13,0.9569278242056227,3.4386390154285404,4.323601482339774,11.335822841561935
1,500,4,3,"0.6403,0.6175,0.6269,0.642",3.4230396295242826e-12,2.113864638886298e-13,0.9623782612974505,2.836634987045301,4.234542825888605,9.801595228994042
1,500,4,4,"0.6293,0.6049,0.628,0.6091",1.0247358517290195e-12,1.4410694859634532e-13,0.9663729969448276,2.852252569478781,4.189770118291943,9.285919834511688
1,500,4,5,"0.6024,0.6206,0.6168,0.6012",1.2285727990501982e-12,8.570921750106208e-14,0.9612400714441601,3.5192006752583467,4.275463303249267,10.500356044810166
1,500,4,6,"0.6238,0.6301,0.6278,0.6096",1.567634910770721e-12,2.540190280342358e-13,0.9490163736522419,3.0417668948039287,4.2584470230296585,9.884041828064616
1,500,4,7,"0.5948,0.6206,0.6283,0.6709",8.242295734817162e-13,6.750155989720952e-14,0.9270264775819747,3.278589615418226,4.198252047470437,9.661058056990594
1,500,4,8,"0.6071,0.6106,0.6199,0.6563",1.2496670365180762e-12,1.5587531265737198e-13,0.9597336027150761,2.648071749578882,4.240993471111671,9.018541179640666
1,500,4,9,"0.6382,0.6025,0.6383,0.6352",1.6548984405062583e-12,1.900701818158268e-13,0.9605587324958718,2.5932893809809188,4.192372981953379,9.444983252696943
1,500,4,10,"0.673,0.609,0.6411,0.6386",9.132694600566538e-13,8.260059303211165e-14,0.9646426468216519,2.7054900458861435,4.270293324123403,9.820073498400557
1,800,4,1,"0.5909,0.6094,0.5804,0.592",1.6501466859608627e-11,2.9531932455029164e-13,0.8861815590855718,2.721127606470681,4.536009194793771,10.368871832387189
1,800,4,2,"0.5742,0.6136,0.6173,0.5794",2.1018742302203464e-12,2.1671553440683056e-13,0.8944214644865229,3.6208046130880533,4.493717589337935,9.786381690453378
1,800,4,3,"0.6053,0.6058,0.6218,0.6076",2.41051623106614e-12,1.4921397450962104e-13,0.9058424377270607,2.9586182179508365,4.504365966896583,10.330806432425284
1,800,4,4,"0.5934,0.569,0.6067,0.5967",4.392930463836819e-12,5.304645611658998e-13,0.9103194662040708,3.3951373711187065,4.513014821643962,10.662842431993893
1,800,4,5,"0.6013,0.5937,0.6062,0.5708",8.979483823168266e-13,2.41140440948584e-13,0.9116839839707755,3.728311504614611,4.522849568946243,9.78533396316169
1,800,4,6,"0.6219,0.5715,0.597,0.6115",2.2799540033702215e-12,1.865174681370263e-13,0.8964100371558986,2.716117121812274,4.493242466492413,9.965611083706815
1,800,4,7,"0.6011,0.5947,0.6043,0.6073",2.9256597144922125e-12,6.230571614196379e-13,0.908016587974843,3.8122695422857635,4.4402606040853145,10.649494458962549
1,800,4,8,"0.5918,0.5985,0.566,0.6073",1.3633538742396922e-12,3.0686564400639327e-13,0.913058413427626,4.000183242530775,4.521633605163159,9.923392991001515
1,800,4,9,"0.5897,0.6245,0.5834,0.6074",2.637889906509372e-12,3.1818991885756986e-13,0.9172279492206777,3.3051205527769536,4.572789174360583,10.649391557736964
1,800,4,10,"0.6075,0.6199,0.6157,0.5649",2.9878322038712213e-12,1.8207657603852567e-13,0.9026502533271303,2.950973234907643,4.53925813581075,9.795662921171523
2,300,4,1,"0.6679,0.61,0.653,0.6303",1.786570891226802e-12,1.2523315717771766e-13,0.9156464629035754,3.349448964374216,3.9344433703168216,10.31614180341112
2,300,4,2,"0.6758,0.6797,0.6713,0.6815",1.929567616798522e-12,1.425526363618701e-13,0.9018794586141441,2.5410289253615286,3.8752643893457193,9.789987208158223
2,300,4,3,"0.7196,0.6686,0.6533,0.642",3.3235636465178686e-12,2.3803181647963356e-13,0.8984061791390584,2.5089695934554004,3.82525479094998,9.783346482529069
2,300,4,4,"0.6494,0.645,0.6454,0.7336",9.521272659185342e-13,6.039613253960852e-13,0.9173403683421159,3.006242505149279,3.8416461644290867,8.800830863986487
2,300,4,5,"0.6843,0.6657,0.6756,0.6676",1.2461143228392757e-12,4.11226608321158e-13,0.9204457862640767,2.5547765994057374,3.8240030418913804,8.527497262196771
2,300,4,6,"0.6694,0.665,0.6828,0.6527",3.733124920302089e-12,2.41140440948584e-13,0.923760558637246,3.0410866816037587,3.8381730458025416,10.358423822678482
2,300,4,7,"0.6811,0.6541,0.6147,0.6285",1.0311751452718454e-12,4.354294702579864e-13,0.894148506377649,3.291337844787263,3.9409487963819525,9.62114279320092
2,300,4,8,"0.6926,0.6903,0.6455,0.672",7.203126983768016e-13,3.694822225952521e-13,0.8796181762704548,2.8847908192258123,3.8719051549460315,9.529999450573326
2,300,4,9,"0.6359,0.6724,0.6624,0.6747",9.805489753489383e-13,1.163513729807164e-13,0.922711386090548,2.460718434998457,3.8825861011063583,9.379597648938859
2,300,4,10,"0.651,0.655,0.6486,0.6435",1.979749697511579e-12,9.85878045867139e-14,0.9375188789417389,3.0614123086445586,3.8506170647713844,8.927093152631546
2,500,4,1,"0.6499,0.6388,0.6236,0.638",3.694822225952521e-12,3.6770586575585185e-13,0.8515401259849947,3.479691943742743,4.127685047431984,12.326619046462971
2,500,4,2,"0.628,0.6587,0.6297,0.6315",2.9047875216292596e-12,4.11226608321158e-13,0.8581873632935773,2.8765239114907613,4.140036162304993,11.513808308493799
2,500,4,3,"0.6412,0.6233,0.6428,0.6253",4.4071413185520214e-12,8.668621376273222e-13,0.8553211206029533,2.8411577604465994,4.1457615439498365,11.680237123465506
2,500,4,4,"0.6486,0.6324,0.6254,0.6428",1.496580637194711e-12,1.7030821197749901e-13,0.8533565285049498,2.8417531755753833,4.159487343181473,12.060188271260648
2,500,4,5,"0.6523,0.641,0.629,0.6297",4.453326596376428e-12,2.5135449277513544e-13,0.8396113160004265,2.232504799612148,4.102699585483888,9.539473139380021
2,500,4,6,"0.6628,0.6423,0.6196,0.632",4.573230683035945e-12,2.62456723021387e-13,0.8545269470785873,2.620137419454543,4.120940050158665,10.367656831787341
2,500,4,7,"0.6331,0.6292,0.6546,0.6464",1.9682033780554775e-12,4.4142467459096224e-13,0.8473708222170512,2.843984469932393,4.09651938530565,14.541604966928274
2,500,4,8,"0.609,0.6369,0.648,0.6026",2.660982545421575e-12,3.7925218521195347e-13,0.8705691606828281,2.8714245997823094,4.17698094784748,10.31487521063153
2,500,4,9,"0.6107,0.6347,0.6507,0.6306",3.369748924342275e-12,1.474376176702208e-13,0.8459648570094357,3.2688097792246733,4.2219424993525125,12.064598404380453
2,500,4,10,"0.6341,0.624,0.6191,0.626",3.469224907348689e-12,1.9184653865522705e-13,0.8621118215536494,2.158568447138841,4.23794370649425,10.437317736004402
2,800,4,1,"0.5781,0.5702,0.5902,0.6085",1.3281820088195673e-11,4.583000645652646e-13,0.8225677735889032,3.1541580935616333,4.3326225046300495,12.696411256563227
2,800,4,2,"0.5757,0.56,0.584,0.5794",6.681322162194192e-12,3.419486915845482e-13,0.8328934564335269,2.538126466170497,4.40075392139247,10.785218450309573
2,800,4,3,"0.6097,0.5929,0.6029,0.5923",4.122036045828281e-12,9.692247004977617e-13,0.8172015129588113,2.3532381190357117,4.382334762116431,10.904426544090537
2,800,4,4,"0.6012,0.5894,0.6078,0.6101",3.6424196991902136e-12,4.218847493575595e-13,0.7946477000435815,3.7953530898776355,4.513296880712533,11.393551681653122
2,800,4,5,"0.5764,0.6059,0.5872,0.5881",4.868105918376386e-12,1.177724584522366e-12,0.8264073310775585,3.9218997455762468,4.412023208205286,13.62617964364549
2,800,4,6,"0.5975,0.6062,0.5994,0.5942",8.273381979506667e-12,4.0678571622265736e-13,0.8006304342161755,3.5151255085526554,4.34691907651737,10.722036702663134
2,800,4,7,"0.6005,0.588,0.5615,0.5733",3.61843888185831e-12,7.158718062783009e-13,0.8130882675219299,2.9920387144165557,4.372187406160103,12.267292381458695
2,800,4,8,"0.5911,0.5891,0.6158,0.6038",4.350297899691213e-12,5.409006575973763e-13,0.812681514424116,2.728910132162434,4.334386438831794,13.173219502423544
2,800,4,9,"0.5742,0.5872,0.5927,0.5938",2.424727085781342e-12,1.865174681370263e-13,0.8141705107365943,3.509993212061809,4.43575145257382,11.018728748432595
2,800,4,10,"0.5945,0.5886,0.6049,0.5726",2.4311663793241678e-12,7.647216193618078e-13,0.8136523089355405,2.607519126679006,4.376254684873032,12.473096012041054
