case,n,p,replication,method,total_iterations,mean_iterations,median_iterations,max_iterations,elapsed
1,300,4,1,cold,64671,215.57,215,366,2.594000000000001
1,300,4,1,seq_input,46281,154.27,149.5,419,1.7120000000000015
1,300,4,1,seq_mst,22653,75.51,54,365,0.8609999999999989
1,300,4,2,cold,64308,214.36,211,404,2.4019999999999992
1,300,4,2,seq_input,44442,148.14,145.5,354,1.5970000000000013
1,300,4,2,seq_mst,21383,71.27666666666667,57.5,373,0.782
1,300,4,3,cold,69843,232.81,229,404,2.5749999999999993
1,300,4,3,seq_input,43337,144.45666666666668,139,335,1.570999999999998
1,300,4,3,seq_mst,22237,74.12333333333333,56,409,0.7850000000000001
1,300,4,4,cold,62381,207.93666666666667,203.5,373,2.2639999999999993
1,300,4,4,seq_input,44751,149.17,142.5,351,1.6360000000000028
1,300,4,4,seq_mst,22830,76.1,57,323,0.8460000000000001
1,300,4,5,cold,70970,236.56666666666666,234,387,2.5820000000000007
1,300,4,5,seq_input,44268,147.56,142.5,304,1.5769999999999982
1,300,4,5,seq_mst,20757,69.19,54,267,0.875
1,300,4,6,cold,65080,216.93333333333334,212.5,346,2.354999999999997
1,300,4,6,seq_input,45105,150.35,145.5,389,1.5990000000000038
1,300,4,6,seq_mst,22049,73.49666666666667,54.5,356,0.8939999999999984
1,300,4,7,cold,65942,219.80666666666667,215,424,2.3999999999999986
1,300,4,7,seq_input,43315,144.38333333333333,138,390,1.5690000000000026
1,300,4,7,seq_mst,21194,70.64666666666666,54,324,0.902000000000001
1,300,4,8,cold,66070,220.23333333333332,219,385,2.3190000000000026
1,300,4,8,seq_input,44690,148.96666666666667,142.5,345,1.703000000000003
1,300,4,8,seq_mst,22130,73.76666666666667,55,351,0.847999999999999
1,300,4,9,cold,68571,228.57,232,445,2.299999999999997
1,300,4,9,seq_input,43498,144.99333333333334,140.5,396,1.6360000000000028
1,300,4,9,seq_mst,21552,71.84,56.5,351,0.7950000000000017
1,300,4,10,cold,67213,224.04333333333332,217.5,370,2.3739999999999952
1,300,4,10,seq_input,43863,146.21,139.5,324,1.6470000000000056
1,300,4,10,seq_mst,21903,73.01,55.5,322,0.8210000000000051
1,500,4,1,cold,186231,372.462,366.5,679,8.399000000000001
1,500,4,1,seq_input,115630,231.26,220,540,5.152000000000001
1,500,4,1,seq_mst,55110,110.22,74,585,2.6880000000000024
1,500,4,2,cold,184036,368.072,365.5,745,8.085999999999999
1,500,4,2,seq_input,114096,228.192,221.5,584,5.25500000000001
1,500,4,2,seq_mst,49964,99.928,71,485,2.3160000000000025
1,500,4,3,cold,176205,352.41,348.5,629,7.942000000000007
1,500,4,3,seq_input,120603,241.206,228,550,354.314
1,500,4,3,seq_mst,51468,102.936,77,628,2.437999999999988
1,500,4,4,cold,182306,364.612,357.5,686,8.25200000000001
1,500,4,4,seq_input,119866,239.732,231,570,5.463999999999999
1,500,4,4,seq_mst,54455,108.91,78.5,708,2.6429999999999723
1,500,4,5,cold,176521,353.042,344,674,7.949999999999989
1,500,4,5,seq_input,114895,229.79,216,605,5.227000000000032
1,500,4,5,seq_mst,53599,107.198,86,568,2.415999999999997
1,500,4,6,cold,175141,350.282,345,662,8.090000000000032
1,500,4,6,seq_input,116382,232.764,227.5,568,5.170000000000016
1,500,4,6,seq_mst,54806,109.612,83,547,2.651999999999987
1,500,4,7,cold,170565,341.13,343,551,7.605000000000018
1,500,4,7,seq_input,120281,240.562,232.5,597,5.5610000000000355
1,500,4,7,seq_mst,53607,107.214,85.5,708,2.4689999999999372
1,500,4,8,cold,171340,342.68,333,713,7.6200000000000045
1,500,4,8,seq_input,118684,237.368,226.5,544,5.41700000000003
1,500,4,8,seq_mst,56168,112.336,84,590,2.7069999999999936
1,500,4,9,cold,158886,317.772,307.5,605,7.2830000000000155
1,500,4,9,seq_input,111436,222.872,212,669,5.125
1,500,4,9,seq_mst,51561,103.122,72,625,2.495999999999981
1,500,4,10,cold,174844,349.688,351,596,7.902000000000044
1,500,4,10,seq_input,116534,233.068,216,546,5.385999999999967
1,500,4,10,seq_mst,54853,109.706,87,526,2.5730000000000928
1,800,4,1,cold,444443,555.55375,546.5,1009,25.979000000000042
1,800,4,1,seq_input,274049,342.56125,328.5,928,818.858
1,800,4,1,seq_mst,123184,153.98,109.5,841,8.235999999999876
1,800,4,2,cold,464960,581.2,584,1174,28.0179999999998
1,800,4,2,seq_input,285464,356.83,335.5,916,16.867999999999938
1,800,4,2,seq_mst,126391,157.98875,110,883,7.798000000000002
1,800,4,3,cold,437397,546.74625,529.5,1089,25.802000000000135
1,800,4,3,seq_input,260342,325.4275,303.5,997,15.44399999999996
1,800,4,3,seq_mst,116899,146.12375,103,869,7.1059999999999945
1,800,4,4,cold,432613,540.76625,529,1063,25.702999999999975
1,800,4,4,seq_input,272311,340.38875,325.5,891,145.92799999999988
1,800,4,4,seq_mst,125911,157.38875,109,905,7.817999999999984
1,800,4,5,cold,448559,560.69875,547.5,1083,26.669999999999845
1,800,4,5,seq_input,284613,355.76625,331.5,1038,17.020999999999958
1,800,4,5,seq_mst,131859,164.82375,121,849,7.954999999999927
1,800,4,6,cold,441815,552.26875,542,991,25.939000000000078
1,800,4,6,seq_input,267554,334.4425,325.5,846,15.795000000000073
1,800,4,6,seq_mst,117854,147.3175,105,793,7.199000000000069
1,800,4,7,cold,424975,531.21875,518.5,1107,25.125999999999976
1,800,4,7,seq_input,279591,349.48875,326,831,215.923
1,800,4,7,seq_mst,131054,163.8175,121,947,8.017999999999802
1,800,4,8,cold,460247,575.30875,572,1192,27.31800000000021
1,800,4,8,seq_input,286616,358.27,336,1006,16.60699999999997
1,800,4,8,seq_mst,127603,159.50375,112.5,929,7.778999999999996
1,800,4,9,cold,455828,569.785,560.5,1150,26.971999999999753
1,800,4,9,seq_input,270043,337.55375,310,913,16.036000000000058
1,800,4,9,seq_mst,120605,150.75625,105,952,7.41399999999976
1,800,4,10,cold,452710,565.8875,563,1070,26.23199999999997
1,800,4,10,seq_input,281751,352.18875,329,1017,16.759999999999764
1,800,4,10,seq_mst,120391,150.48875,108.5,757,7.4099999999998545
2,300,4,1,cold,51367,171.22333333333333,158.5,360,1.8800000000001091
2,300,4,1,seq_input,46306,154.35333333333332,135,479,1.662000000000262
2,300,4,1,seq_mst,15699,52.33,39,399,0.5869999999999891
2,300,4,2,cold,46958,156.52666666666667,147.5,380,1.7840000000001055
2,300,4,2,seq_input,45210,150.7,142.5,413,1.6019999999998618
2,300,4,2,seq_mst,15184,50.61333333333334,41,295,0.5639999999998508
2,300,4,3,cold,51504,171.68,163.5,376,1.9669999999996435
2,300,4,3,seq_input,47585,158.61666666666667,141,407,1.6900000000000546
2,300,4,3,seq_mst,15637,52.123333333333335,42,299,0.6050000000000182
2,300,4,4,cold,46368,154.56,145,357,1.7649999999998727
2,300,4,4,seq_input,45185,150.61666666666667,139.5,446,1.5910000000003492
2,300,4,4,seq_mst,15457,51.52333333333333,40.5,254,0.6210000000000946
2,300,4,5,cold,50712,169.04,160.5,375,1.8940000000002328
2,300,4,5,seq_input,46131,153.77,143,429,1.5590000000001965
2,300,4,5,seq_mst,15794,52.64666666666667,44.5,252,0.5770000000002256
2,300,4,6,cold,51363,171.21,163.5,334,1.8270000000002256
2,300,4,6,seq_input,48107,160.35666666666665,149,446,1.737999999999829
2,300,4,6,seq_mst,16286,54.28666666666667,44.5,281,0.6310000000003129
2,300,4,7,cold,50253,167.51,147,371,1.7820000000001528
2,300,4,7,seq_input,47311,157.70333333333335,139.5,453,1.7669999999998254
2,300,4,7,seq_mst,15256,50.85333333333333,40.5,267,0.5649999999995998
2,300,4,8,cold,44426,148.08666666666667,139.5,342,1.56899999999996
2,300,4,8,seq_input,46108,153.69333333333333,136,460,1.7029999999999745
2,300,4,8,seq_mst,14465,48.21666666666667,41,203,0.5709999999999127
2,300,4,9,cold,47537,158.45666666666668,150,378,1.7300000000000182
2,300,4,9,seq_input,47818,159.39333333333335,149,432,1.7269999999998618
2,300,4,9,seq_mst,15867,52.89,40,275,0.7000000000002728
2,300,4,10,cold,50125,167.08333333333334,155,392,1.7570000000000618
2,300,4,10,seq_input,44710,149.03333333333333,138,439,1.6050000000000182
2,300,4,10,seq_mst,16658,55.526666666666664,40,281,0.6459999999997308
2,500,4,1,cold,130933,261.866,246,640,5.907999999999902
2,500,4,1,seq_input,126021,252.042,223.5,750,5.832000000000335
2,500,4,1,seq_mst,34775,69.55,56.5,442,1.6089999999999236
2,500,4,2,cold,132066,264.132,239.5,588,5.889000000000124
2,500,4,2,seq_input,127112,254.224,218.5,792,5.748000000000047
2,500,4,2,seq_mst,33184,66.368,54.5,403,1.5740000000000691
2,500,4,3,cold,138325,276.65,245,689,6.347999999999956
2,500,4,3,seq_input,133179,266.358,240,809,5.789999999999964
2,500,4,3,seq_mst,39175,78.35,58,488,1.899000000000342
2,500,4,4,cold,129512,259.024,247,624,6.025000000000091
2,500,4,4,seq_input,130522,261.044,229.5,806,6.038000000000011
2,500,4,4,seq_mst,36234,72.468,56,472,78.45299999999997
2,500,4,5,cold,129618,259.236,238.5,585,6.106000000000222
2,500,4,5,seq_input,126766,253.532,220,742,5.911000000000058
2,500,4,5,seq_mst,37281,74.562,58,457,1.8240000000000691
2,500,4,6,cold,146082,292.164,271,703,6.596999999999753
2,500,4,6,seq_input,132615,265.23,231.5,759,6.1159999999999854
2,500,4,6,seq_mst,38036,76.072,59,427,1.8820000000000618
2,500,4,7,cold,118688,237.376,217,644,5.458000000000084
2,500,4,7,seq_input,128857,257.714,228,775,5.731000000000222
2,500,4,7,seq_mst,36909,73.818,56,414,1.8009999999999309
2,500,4,8,cold,142725,285.45,273,755,6.605000000000018
2,500,4,8,seq_input,132655,265.31,246,849,6.0219999999999345
2,500,4,8,seq_mst,39338,78.676,59,513,1.8919999999998254
2,500,4,9,cold,133262,266.524,253,596,6.0340000000001055
2,500,4,9,seq_input,129143,258.286,226,795,5.724999999999909
2,500,4,9,seq_mst,35161,70.322,55.5,496,1.7829999999999018
2,500,4,10,cold,131430,262.86,246.5,631,5.898999999999887
2,500,4,10,seq_input,124536,249.072,225.5,725,956.607
2,500,4,10,seq_mst,38876,77.752,58,527,1.88799999999992
2,800,4,1,cold,370702,463.3775,426.5,1096,21.92599999999993
2,800,4,1,seq_input,326529,408.16125,354.5,1311,19.228000000000065
2,800,4,1,seq_mst,84903,106.12875,75,763,5.230000000000018
2,800,4,2,cold,348899,436.12375,411,1025,20.75099999999975
2,800,4,2,seq_input,319768,399.71,348,1205,19.077999999999975
2,800,4,2,seq_mst,89181,111.47625,83,745,5.5219999999999345
2,800,4,3,cold,340726,425.9075,406.5,956,19.64200000000028
2,800,4,3,seq_input,319721,399.65125,362,1280,18.613000000000284
2,800,4,3,seq_mst,87763,109.70375,79,829,920.3420000000001
2,800,4,4,cold,358980,448.725,418,1134,20.971999999999753
2,800,4,4,seq_input,325512,406.89,356,1282,19.32300000000032
2,800,4,4,seq_mst,80209,100.26125,77,815,4.9890000000004875
2,800,4,5,cold,325484,406.855,373,1051,19.051000000000386
2,800,4,5,seq_input,331340,414.175,368.5,1450,19.749000000000706
2,800,4,5,seq_mst,85052,106.315,78.5,794,5.342000000000553
2,800,4,6,cold,333833,417.29125,382,1088,19.63299999999981
2,800,4,6,seq_input,321263,401.57875,342.5,1303,18.904999999999745
2,800,4,6,seq_mst,86502,108.1275,79,821,5.391999999999825
2,800,4,7,cold,347593,434.49125,397.5,1142,20.21900000000005
2,800,4,7,seq_input,336904,421.13,377,1437,966.21
2,800,4,7,seq_mst,88880,111.1,79,927,5.552999999999884
2,800,4,8,cold,338571,423.21375,415.5,946,20.35199999999986
2,800,4,8,seq_input,325534,406.9175,364.5,1274,19.402000000000044
2,800,4,8,seq_mst,84838,106.0475,78,898,5.314000000000306
2,800,4,9,cold,318222,397.7775,364.5,1005,18.730999999999767
2,800,4,9,seq_input,323968,404.96,354,1338,19.569000000000415
2,800,4,9,seq_mst,83036,103.795,73.5,825,5.16399999999976
2,800,4,10,cold,327055,408.81875,368,992,19.286000000000058
2,800,4,10,seq_input,323388,404.235,348,1225,18.94000000000051
2,800,4,10,seq_mst,91185,113.98125,82,863,5.631999999999607
