"model","case","paper_case","tau","n","num_rep","seed_base","method","n_present","n_solver_ok","n_accepted","n_nonfinite","ierr_nonzero","failed_eval_nonzero","h_mismatch_count","fallback_count","retained_decomposition_failures","repair_total","repaired_points_total","internal_recovery_total","certificate_hits","residual_rows_checked","threshold_expansion_total","threshold_expansion_replications","first_retained_size_mean_of_max","first_retained_size_max","time_mean_sec","time_median_sec","time_min_sec","time_max_sec","max_average_relative_discrepancy","solver_stable","path_accepted","timing_order_balanced","discrepancy_valid","retained_decomposition_ok"
"llqr",1,1,0.2,1000,500,2025,"direct_baseline",500,500,500,0,0,0,0,0,,,,,,,,,,,1.822968,1.8155,0.51,6.77,0,TRUE,TRUE,TRUE,TRUE,TRUE
"llqr",1,1,0.2,1000,500,2025,"lean_seq",500,500,500,0,0,0,0,0,,,,,,,,,,,0.039794,0.0370000000000004,0.0349999999999997,0.069,1.75335030343183e-12,TRUE,TRUE,TRUE,TRUE,TRUE
"llqr",1,1,0.2,1000,500,2025,"unified_u11",500,500,500,0,0,0,0,0,0,19117,10471,1383,360548,149108599,0,0,46.886,77,0.044522,0.0419999999999999,0.0389999999999997,0.074,5.72595913833954e-16,TRUE,TRUE,TRUE,TRUE,TRUE
"llqr",1,1,0.2,2000,500,2025,"direct_baseline",500,500,500,0,0,0,0,0,,,,,,,,,,,3.638386,3.628,2.013,4.583,0,TRUE,TRUE,TRUE,TRUE,TRUE
"llqr",1,1,0.2,2000,500,2025,"lean_seq",500,500,500,0,0,0,0,0,,,,,,,,,,,0.140266,0.138,0.13,0.23,2.58822824644256e-12,TRUE,TRUE,TRUE,TRUE,TRUE
"llqr",1,1,0.2,2000,500,2025,"unified_u11",500,500,500,0,0,0,0,0,0,19237,10023,1324,749742,521290753,0,0,88.822,140,0.159788,0.157,0.148,0.209,5.4965407904564e-16,TRUE,TRUE,TRUE,TRUE,TRUE
"llqr",1,1,0.2,5000,500,2025,"direct_baseline",500,500,500,0,0,0,0,0,,,,,,,,,,,18.057046,18.357,13.228,19.802,0,TRUE,TRUE,TRUE,TRUE,TRUE
"llqr",1,1,0.2,5000,500,2025,"lean_seq",500,500,500,0,0,0,0,0,,,,,,,,,,,0.89738,0.872999999999998,0.833000000000002,1.583,2.91577962659787e-12,TRUE,TRUE,TRUE,TRUE,TRUE
"llqr",1,1,0.2,5000,500,2025,"unified_u11",500,500,500,0,0,0,0,0,0,22353,11052,1478,1975850,2684465176,0,0,212.196,250,0.979184,0.965999999999998,0.866,1.209,4.17212191740003e-16,TRUE,TRUE,TRUE,TRUE,TRUE
"llqr",1,1,0.2,10000,500,2025,"direct_baseline",500,500,500,0,0,0,0,0,,,,,,,,,,,74.463748,74.8265,53.073,84.025,0,TRUE,TRUE,TRUE,TRUE,TRUE
"llqr",1,1,0.2,10000,500,2025,"lean_seq",500,500,500,0,0,0,0,0,,,,,,,,,,,3.804744,3.684,3.515,5.15600000000001,7.0396484773268e-12,TRUE,TRUE,TRUE,TRUE,TRUE
"llqr",1,1,0.2,10000,500,2025,"unified_u11",500,500,500,0,0,0,0,0,0,26108,12406,1564,4117311,8980446319,0,0,416.406,468,3.84674,3.7745,3.251,5.317,3.92578896049204e-16,TRUE,TRUE,TRUE,TRUE,TRUE
"llqr",1,1,0.5,1000,500,2025,"direct_baseline",500,500,500,0,0,0,0,0,,,,,,,,,,,1.876098,1.887,0.584,2.231,0,TRUE,TRUE,TRUE,TRUE,TRUE
"llqr",1,1,0.5,1000,500,2025,"lean_seq",500,500,500,0,0,0,0,0,,,,,,,,,,,0.04216,0.04,0.0369999999999999,0.081,2.84158030335805e-13,TRUE,TRUE,TRUE,TRUE,TRUE
"llqr",1,1,0.5,1000,500,2025,"unified_u11",500,500,500,0,0,0,0,0,0,22581,12302,1186,306770,207259948,0,0,77.546,93,0.050264,0.048,0.044,0.0760000000000001,4.33158797446875e-16,TRUE,TRUE,TRUE,TRUE,TRUE
"llqr",1,1,0.5,2000,500,2025,"direct_baseline",500,500,500,0,0,0,0,0,,,,,,,,,,,3.978936,4.062,2.465,4.508,0,TRUE,TRUE,TRUE,TRUE,TRUE
"llqr",1,1,0.5,2000,500,2025,"lean_seq",500,500,500,0,0,0,0,0,,,,,,,,,,,0.15221,0.149,0.14,0.247,3.80353262224588e-13,TRUE,TRUE,TRUE,TRUE,TRUE
"llqr",1,1,0.5,2000,500,2025,"unified_u11",500,500,500,0,0,0,0,0,0,23075,11924,1248,656835,715476114,0,0,151.274,180,0.178966,0.176,0.165,0.231,4.15289586788799e-16,TRUE,TRUE,TRUE,TRUE,TRUE
"llqr",1,1,0.5,5000,500,2025,"direct_baseline",500,500,500,0,0,0,0,0,,,,,,,,,,,23.057834,23.3915,14.401,26.405,0,TRUE,TRUE,TRUE,TRUE,TRUE
"llqr",1,1,0.5,5000,500,2025,"lean_seq",500,500,500,0,0,0,0,0,,,,,,,,,,,0.97514,0.946999999999999,0.903999999999996,1.606,1.18032210955292e-12,TRUE,TRUE,TRUE,TRUE,TRUE
"llqr",1,1,0.5,5000,500,2025,"unified_u11",500,500,500,0,0,0,0,0,0,27131,13168,1324,1792868,3624677138,0,0,372.764,413,1.096412,1.077,0.907,1.393,4.40006605551641e-16,TRUE,TRUE,TRUE,TRUE,TRUE
"llqr",1,1,0.5,10000,500,2025,"direct_baseline",500,500,500,0,0,0,0,0,,,,,,,,,,,104.659034,105.202,64.153,120.641,0,TRUE,TRUE,TRUE,TRUE,TRUE
"llqr",1,1,0.5,10000,500,2025,"lean_seq",500,500,500,0,0,0,0,0,,,,,,,,,,,4.223708,4.086,3.815,6.413,1.472126254122e-12,TRUE,TRUE,TRUE,TRUE,TRUE
"llqr",1,1,0.5,10000,500,2025,"unified_u11",500,500,500,0,0,0,0,0,0,31269,14909,1451,3820513,11995818023,0,0,749.954,813,4.282386,4.207,3.622,5.341,4.34977281450108e-16,TRUE,TRUE,TRUE,TRUE,TRUE
"llqr",1,1,0.8,1000,500,2025,"direct_baseline",500,500,500,0,0,0,0,0,,,,,,,,,,,1.938124,1.9455,0.648,2.19,0,TRUE,TRUE,TRUE,TRUE,TRUE
"llqr",1,1,0.8,1000,500,2025,"lean_seq",500,500,500,0,0,0,0,0,,,,,,,,,,,0.044578,0.0420000000000003,0.0389999999999997,0.076,3.00042009660406e-13,TRUE,TRUE,TRUE,TRUE,TRUE
"llqr",1,1,0.8,1000,500,2025,"unified_u11",500,500,500,0,0,0,0,0,0,27261,15042,1301,304110,213442926,0,0,81.988,103,0.052342,0.0500000000000003,0.0459999999999998,0.08,3.96370112102243e-16,TRUE,TRUE,TRUE,TRUE,TRUE
"llqr",1,1,0.8,2000,500,2025,"direct_baseline",500,500,500,0,0,0,0,0,,,,,,,,,,,4.358382,4.4575,2.776,4.952,0,TRUE,TRUE,TRUE,TRUE,TRUE
"llqr",1,1,0.8,2000,500,2025,"lean_seq",500,500,500,0,0,0,0,0,,,,,,,,,,,0.16215,0.1595,0.147,0.24,4.05726652119565e-13,TRUE,TRUE,TRUE,TRUE,TRUE
"llqr",1,1,0.8,2000,500,2025,"unified_u11",500,500,500,0,0,0,0,0,0,27656,14538,1358,658820,719063290,0,0,160.77,187,0.187544,0.185,0.17,0.255,3.5523852693048e-16,TRUE,TRUE,TRUE,TRUE,TRUE
"llqr",1,1,0.8,5000,500,2025,"direct_baseline",500,500,500,0,0,0,0,0,,,,,,,,,,,30.09744,28.0155,15.965,57.752,0,TRUE,TRUE,TRUE,TRUE,TRUE
"llqr",1,1,0.8,5000,500,2025,"lean_seq",500,500,500,0,0,0,0,0,,,,,,,,,,,1.095638,1.0325,0.963999999999999,1.928,7.08305820586714e-13,TRUE,TRUE,TRUE,TRUE,TRUE
"llqr",1,1,0.8,5000,500,2025,"unified_u11",500,500,500,0,0,0,0,0,0,31120,15364,1436,1821194,3500647331,0,0,402.076,442,1.23636,1.151,1.035,2.111,3.71377037344697e-16,TRUE,TRUE,TRUE,TRUE,TRUE
"llqr",1,1,0.8,10000,500,2025,"direct_baseline",500,500,500,0,0,0,0,0,,,,,,,,,,,129.066882,129.6395,73.845,150.232,0,TRUE,TRUE,TRUE,TRUE,TRUE
"llqr",1,1,0.8,10000,500,2025,"lean_seq",500,500,500,0,0,0,0,0,,,,,,,,,,,4.608256,4.46600000000001,4.13499999999999,6.744,4.61373886475379e-13,TRUE,TRUE,TRUE,TRUE,TRUE
"llqr",1,1,0.8,10000,500,2025,"unified_u11",500,500,500,0,0,0,0,0,0,35159,16998,1475,3902740,11217026802,0,0,810.908,870,4.63369,4.51550000000001,3.909,6.048,3.70907552102113e-16,TRUE,TRUE,TRUE,TRUE,TRUE
"llqr",2,2,0.2,1000,500,2025,"direct_baseline",500,500,500,0,0,0,0,0,,,,,,,,,,,1.65741,1.649,1.524,1.901,0,TRUE,TRUE,TRUE,TRUE,TRUE
"llqr",2,2,0.2,1000,500,2025,"lean_seq",500,500,500,0,0,0,0,0,,,,,,,,,,,0.00916400000000001,0.00900000000000001,0.00800000000000001,0.023,3.33074275089921e-14,TRUE,TRUE,TRUE,TRUE,TRUE
"llqr",2,2,0.2,1000,500,2025,"unified_u11",500,500,500,0,0,0,0,0,0,5918,5073,2,450394,24451780,0,0,16.13,26,0.008712,0.0089999999999999,0.00699999999999967,0.025,2.70708909668872e-15,TRUE,TRUE,TRUE,TRUE,TRUE
"llqr",2,2,0.2,2000,500,2025,"direct_baseline",500,500,500,0,0,0,0,0,,,,,,,,,,,2.378096,2.3555,2.25,2.645,0,TRUE,TRUE,TRUE,TRUE,TRUE
"llqr",2,2,0.2,2000,500,2025,"lean_seq",500,500,500,0,0,0,0,0,,,,,,,,,,,0.035252,0.0349999999999997,0.0309999999999997,0.059,2.73240387504255e-14,TRUE,TRUE,TRUE,TRUE,TRUE
"llqr",2,2,0.2,2000,500,2025,"unified_u11",500,500,500,0,0,0,0,0,0,3194,2968,0,919577,67094345,0,0,21.64,30,0.026396,0.026,0.024,0.048,3.47461823240153e-14,TRUE,TRUE,TRUE,TRUE,TRUE
"llqr",2,2,0.2,5000,500,2025,"direct_baseline",500,500,500,0,0,0,0,0,,,,,,,,,,,7.28456,7.2515,6.917,7.975,0,TRUE,TRUE,TRUE,TRUE,TRUE
"llqr",2,2,0.2,5000,500,2025,"lean_seq",500,500,500,0,0,0,0,0,,,,,,,,,,,0.217736,0.214,0.192,0.337,1.09192389276596e-13,TRUE,TRUE,TRUE,TRUE,TRUE
"llqr",2,2,0.2,5000,500,2025,"unified_u11",500,500,500,0,0,0,0,0,0,935,912,0,2351877,255063928,0,0,32.364,43,0.140922,0.139999999999999,0.135,0.153,1.89015378953476e-15,TRUE,TRUE,TRUE,TRUE,TRUE
"llqr",2,2,0.2,10000,500,2025,"direct_baseline",500,500,500,0,0,0,0,0,,,,,,,,,,,22.780426,22.74,21.924,23.753,0,TRUE,TRUE,TRUE,TRUE,TRUE
"llqr",2,2,0.2,10000,500,2025,"lean_seq",500,500,500,0,0,0,0,0,,,,,,,,,,,0.886726,0.879,0.780000000000001,1.199,9.03780210723074e-14,TRUE,TRUE,TRUE,TRUE,TRUE
"llqr",2,2,0.2,10000,500,2025,"unified_u11",500,500,500,0,0,0,0,0,0,242,242,0,4767703,700341416,0,0,43.764,59,0.576602,0.575,0.559999999999999,0.612,7.14829027362175e-16,TRUE,TRUE,TRUE,TRUE,TRUE
"llqr",2,2,0.5,1000,500,2025,"direct_baseline",500,500,500,0,0,0,0,0,,,,,,,,,,,1.708174,1.7135,1.557,2.032,0,TRUE,TRUE,TRUE,TRUE,TRUE
"llqr",2,2,0.5,1000,500,2025,"lean_seq",500,500,500,0,0,0,0,0,,,,,,,,,,,0.01123,0.0110000000000001,0.0089999999999999,0.028,1.00820073051595e-14,TRUE,TRUE,TRUE,TRUE,TRUE
"llqr",2,2,0.5,1000,500,2025,"unified_u11",500,500,500,0,0,0,0,0,0,3326,3044,0,435683,30671025,0,0,21.04,29,0.009432,0.00900000000000001,0.0079999999999999,0.026,4.66123250339279e-16,TRUE,TRUE,TRUE,TRUE,TRUE
"llqr",2,2,0.5,2000,500,2025,"direct_baseline",500,500,500,0,0,0,0,0,,,,,,,,,,,2.558276,2.54,2.416,2.899,0,TRUE,TRUE,TRUE,TRUE,TRUE
"llqr",2,2,0.5,2000,500,2025,"lean_seq",500,500,500,0,0,0,0,0,,,,,,,,,,,0.043424,0.0429999999999999,0.0379999999999998,0.07,1.25653936039928e-14,TRUE,TRUE,TRUE,TRUE,TRUE
"llqr",2,2,0.5,2000,500,2025,"unified_u11",500,500,500,0,0,0,0,0,0,1345,1312,0,897683,83866313,0,0,28.918,38,0.029482,0.029,0.0270000000000001,0.049,3.55205064359336e-16,TRUE,TRUE,TRUE,TRUE,TRUE
"llqr",2,2,0.5,5000,500,2025,"direct_baseline",500,500,500,0,0,0,0,0,,,,,,,,,,,9.146076,9.167,8.509,9.911,0,TRUE,TRUE,TRUE,TRUE,TRUE
"llqr",2,2,0.5,5000,500,2025,"lean_seq",500,500,500,0,0,0,0,0,,,,,,,,,,,0.285948,0.2825,0.247,0.382,2.53005710308171e-14,TRUE,TRUE,TRUE,TRUE,TRUE
"llqr",2,2,0.5,5000,500,2025,"unified_u11",500,500,500,0,0,0,0,0,0,219,219,0,2309725,326755951,0,0,43.304,63,0.165506,0.164,0.156000000000001,0.182,3.80128396157605e-16,TRUE,TRUE,TRUE,TRUE,TRUE
"llqr",2,2,0.5,10000,500,2025,"direct_baseline",500,500,500,0,0,0,0,0,,,,,,,,,,,34.036438,34.0175,33.126,35.084,0,TRUE,TRUE,TRUE,TRUE,TRUE
"llqr",2,2,0.5,10000,500,2025,"lean_seq",500,500,500,0,0,0,0,0,,,,,,,,,,,1.229812,1.2175,1.053,1.639,2.8699646878796e-14,TRUE,TRUE,TRUE,TRUE,TRUE
"llqr",2,2,0.5,10000,500,2025,"unified_u11",500,500,500,0,0,0,0,0,0,37,37,0,4695916,916906104,0,0,59.134,79,0.68912,0.688,0.670999999999999,0.747999999999998,3.97828613848442e-16,TRUE,TRUE,TRUE,TRUE,TRUE
"llqr",2,2,0.8,1000,500,2025,"direct_baseline",500,500,500,0,0,0,0,0,,,,,,,,,,,1.63906,1.6205,1.556,1.809,0,TRUE,TRUE,TRUE,TRUE,TRUE
"llqr",2,2,0.8,1000,500,2025,"lean_seq",500,500,500,0,0,0,0,0,,,,,,,,,,,0.012238,0.012,0.00999999999999979,0.021,2.23607262555937e-14,TRUE,TRUE,TRUE,TRUE,TRUE
"llqr",2,2,0.8,1000,500,2025,"unified_u11",500,500,500,0,0,0,0,0,0,5588,4890,1,446829,25995903,0,0,16.754,24,0.008718,0.00899999999999995,0.00799999999999956,0.0110000000000001,4.03050142785016e-16,TRUE,TRUE,TRUE,TRUE,TRUE
"llqr",2,2,0.8,2000,500,2025,"direct_baseline",500,500,500,0,0,0,0,0,,,,,,,,,,,2.573438,2.559,2.454,2.852,0,TRUE,TRUE,TRUE,TRUE,TRUE
"llqr",2,2,0.8,2000,500,2025,"lean_seq",500,500,500,0,0,0,0,0,,,,,,,,,,,0.048446,0.048,0.0409999999999999,0.065,8.30380551233841e-15,TRUE,TRUE,TRUE,TRUE,TRUE
"llqr",2,2,0.8,2000,500,2025,"unified_u11",500,500,500,0,0,0,0,0,0,3031,2822,0,915383,70606943,0,0,22.23,35,0.026944,0.027,0.0249999999999999,0.0339999999999998,3.60308904527576e-16,TRUE,TRUE,TRUE,TRUE,TRUE
"llqr",2,2,0.8,5000,500,2025,"direct_baseline",500,500,500,0,0,0,0,0,,,,,,,,,,,9.93644,9.942,9.512,10.645,0,TRUE,TRUE,TRUE,TRUE,TRUE
"llqr",2,2,0.8,5000,500,2025,"lean_seq",500,500,500,0,0,0,0,0,,,,,,,,,,,0.33893,0.337,0.287000000000001,0.416,2.74628503983001e-14,TRUE,TRUE,TRUE,TRUE,TRUE
"llqr",2,2,0.8,5000,500,2025,"unified_u11",500,500,500,0,0,0,0,0,0,914,898,0,2345013,267538383,0,0,33.036,44,0.144426,0.143,0.138,0.159000000000001,4.41190401894238e-16,TRUE,TRUE,TRUE,TRUE,TRUE
"llqr",2,2,0.8,10000,500,2025,"direct_baseline",500,500,500,0,0,0,0,0,,,,,,,,,,,38.752714,38.726,37.823,39.912,0,TRUE,TRUE,TRUE,TRUE,TRUE
"llqr",2,2,0.8,10000,500,2025,"lean_seq",500,500,500,0,0,0,0,0,,,,,,,,,,,1.52895,1.521,1.288,1.861,1.29533533975687e-13,TRUE,TRUE,TRUE,TRUE,TRUE
"llqr",2,2,0.8,10000,500,2025,"unified_u11",500,500,500,0,0,0,0,0,0,249,247,0,4757734,731736791,0,0,44.512,60,0.581034,0.58,0.566000000000003,0.621,4.31012196887525e-16,TRUE,TRUE,TRUE,TRUE,TRUE
"tvcqr",1,3,0.2,1000,500,2025,"direct_baseline",500,500,500,0,0,0,0,0,,,,,,,,,,,3.991832,3.961,3.811,4.568,0,TRUE,TRUE,TRUE,TRUE,TRUE
"tvcqr",1,3,0.2,1000,500,2025,"lean_seq",500,500,500,0,0,0,0,0,,,,,,,,,,,0.031332,0.031,0.0279999999999996,0.051,5.25201532716926e-13,TRUE,TRUE,TRUE,TRUE,TRUE
"tvcqr",1,3,0.2,1000,500,2025,"unified_u11",500,500,500,0,0,0,0,0,0,214332,115752,5894,284003,135348135,0,0,16.536,22,0.023028,0.023,0.0199999999999996,0.029,5.43962318667951e-14,TRUE,TRUE,TRUE,TRUE,TRUE
"tvcqr",1,3,0.2,2000,500,2025,"direct_baseline",500,500,500,0,0,0,0,0,,,,,,,,,,,11.444416,11.434,10.833,12.502,0,TRUE,TRUE,TRUE,TRUE,TRUE
"tvcqr",1,3,0.2,2000,500,2025,"lean_seq",500,500,500,0,0,0,0,0,,,,,,,,,,,0.123358,0.123,0.113999999999999,0.170999999999999,6.47959693357742e-13,TRUE,TRUE,TRUE,TRUE,TRUE
"tvcqr",1,3,0.2,2000,500,2025,"unified_u11",500,500,500,0,0,0,0,0,0,152470,107862,103,622342,386520196,0,0,22.548,32,0.05678,0.0569999999999999,0.051,0.087,4.51722889347991e-14,TRUE,TRUE,TRUE,TRUE,TRUE
"tvcqr",1,3,0.2,5000,500,2025,"direct_baseline",500,500,500,0,0,0,0,0,,,,,,,,,,,65.228328,65.1455,61.892,71.092,0,TRUE,TRUE,TRUE,TRUE,TRUE
"tvcqr",1,3,0.2,5000,500,2025,"lean_seq",500,500,500,0,0,0,0,0,,,,,,,,,,,0.782012,0.780000000000001,0.732000000000014,0.852,1.9894930115064e-11,TRUE,TRUE,TRUE,TRUE,TRUE
"tvcqr",1,3,0.2,5000,500,2025,"unified_u11",500,500,500,0,0,0,0,0,0,52590,48033,0,1732118,1413588186,0,0,37.716,48,0.245824,0.245000000000002,0.23,0.273,3.2345712762361e-13,TRUE,TRUE,TRUE,TRUE,TRUE
"tvcqr",1,3,0.2,10000,500,2025,"direct_baseline",500,500,500,0,0,0,0,0,,,,,,,,,,,227.631268,227.6465,222.966,234.424,0,TRUE,TRUE,TRUE,TRUE,TRUE
"tvcqr",1,3,0.2,10000,500,2025,"lean_seq",500,500,500,0,0,0,0,0,,,,,,,,,,,3.304352,3.3045,3.122,3.58500000000001,1.52696001322579e-11,TRUE,TRUE,TRUE,TRUE,TRUE
"tvcqr",1,3,0.2,10000,500,2025,"unified_u11",500,500,500,0,0,0,0,0,0,12400,12172,0,3713296,3953353167,0,0,58.58,77,0.810676,0.807999999999993,0.777999999999992,1.037,1.50495143025132e-13,TRUE,TRUE,TRUE,TRUE,TRUE
"tvcqr",1,3,0.5,1000,500,2025,"direct_baseline",500,500,500,0,0,0,0,0,,,,,,,,,,,4.043678,4.01,3.808,4.651,0,TRUE,TRUE,TRUE,TRUE,TRUE
"tvcqr",1,3,0.5,1000,500,2025,"lean_seq",500,500,500,0,0,0,0,0,,,,,,,,,,,0.033438,0.0330000000000004,0.0300000000000002,0.0629999999999997,2.27023479120935e-11,TRUE,TRUE,TRUE,TRUE,TRUE
"tvcqr",1,3,0.5,1000,500,2025,"unified_u11",500,500,500,0,0,0,0,0,0,209658,123329,2209,237262,162931227,0,0,18.678,24,0.02519,0.025,0.022,0.0440000000000005,4.4517060521514e-13,TRUE,TRUE,TRUE,TRUE,TRUE
"tvcqr",1,3,0.5,2000,500,2025,"direct_baseline",500,500,500,0,0,0,0,0,,,,,,,,,,,11.645464,11.639,11.003,12.702,0,TRUE,TRUE,TRUE,TRUE,TRUE
"tvcqr",1,3,0.5,2000,500,2025,"lean_seq",500,500,500,0,0,0,0,0,,,,,,,,,,,0.131004,0.131,0.122,0.157,3.37613323187415e-11,TRUE,TRUE,TRUE,TRUE,TRUE
"tvcqr",1,3,0.5,2000,500,2025,"unified_u11",500,500,500,0,0,0,0,0,0,132232,101781,16,532624,459773203,0,0,26.326,37,0.064548,0.0640000000000001,0.0589999999999993,0.078,2.64058998007645e-12,TRUE,TRUE,TRUE,TRUE,TRUE
"tvcqr",1,3,0.5,5000,500,2025,"direct_baseline",500,500,500,0,0,0,0,0,,,,,,,,,,,66.891084,66.8385,63.834,72.24,0,TRUE,TRUE,TRUE,TRUE,TRUE
"tvcqr",1,3,0.5,5000,500,2025,"lean_seq",500,500,500,0,0,0,0,0,,,,,,,,,,,0.829632,0.828000000000003,0.77600000000001,0.885,5.4821938895223e-10,TRUE,TRUE,TRUE,TRUE,TRUE
"tvcqr",1,3,0.5,5000,500,2025,"unified_u11",500,500,500,0,0,0,0,0,0,33146,31647,0,1530488,1732577930,0,0,46.462,57,0.293512,0.293,0.278,0.322000000000003,1.57817920021669e-12,TRUE,TRUE,TRUE,TRUE,TRUE
"tvcqr",1,3,0.5,10000,500,2025,"direct_baseline",500,500,500,0,0,0,0,0,,,,,,,,,,,236.065826,236.078,230.867,239.836,0,TRUE,TRUE,TRUE,TRUE,TRUE
"tvcqr",1,3,0.5,10000,500,2025,"lean_seq",500,500,500,0,0,0,0,0,,,,,,,,,,,3.483134,3.479,3.28800000000001,3.74100000000001,5.42196399545655e-11,TRUE,TRUE,TRUE,TRUE,TRUE
"tvcqr",1,3,0.5,10000,500,2025,"unified_u11",500,500,500,0,0,0,0,0,0,5164,5130,0,3350421,5037997940,0,0,75.282,92,0.971674,0.97,0.939999999999998,1.03800000000001,2.85730351035208e-13,TRUE,TRUE,TRUE,TRUE,TRUE
"tvcqr",1,3,0.8,1000,500,2025,"direct_baseline",500,500,500,0,0,0,0,0,,,,,,,,,,,4.02169,3.9855,3.734,4.647,0,TRUE,TRUE,TRUE,TRUE,TRUE
"tvcqr",1,3,0.8,1000,500,2025,"lean_seq",500,500,500,0,0,0,0,0,,,,,,,,,,,0.031384,0.031,0.0279999999999996,0.05,1.49718679069508e-10,TRUE,TRUE,TRUE,TRUE,TRUE
"tvcqr",1,3,0.8,1000,500,2025,"unified_u11",500,500,500,0,0,0,0,0,0,214546,116156,5740,282501,136050707,0,0,16.464,21,0.022918,0.023,0.02,0.027,1.83215123667885e-11,TRUE,TRUE,TRUE,TRUE,TRUE
"tvcqr",1,3,0.8,2000,500,2025,"direct_baseline",500,500,500,0,0,0,0,0,,,,,,,,,,,11.463208,11.4305,10.933,12.626,0,TRUE,TRUE,TRUE,TRUE,TRUE
"tvcqr",1,3,0.8,2000,500,2025,"lean_seq",500,500,500,0,0,0,0,0,,,,,,,,,,,0.12321,0.123000000000001,0.114000000000001,0.135,1.15487203544327e-11,TRUE,TRUE,TRUE,TRUE,TRUE
"tvcqr",1,3,0.8,2000,500,2025,"unified_u11",500,500,500,0,0,0,0,0,0,152416,108281,95,619382,388891696,0,0,22.524,29,0.056178,0.056,0.051,0.0620000000000012,2.30515853115256e-13,TRUE,TRUE,TRUE,TRUE,TRUE
"tvcqr",1,3,0.8,5000,500,2025,"direct_baseline",500,500,500,0,0,0,0,0,,,,,,,,,,,65.097066,65.081,62.464,68.946,0,TRUE,TRUE,TRUE,TRUE,TRUE
"tvcqr",1,3,0.8,5000,500,2025,"lean_seq",500,500,500,0,0,0,0,0,,,,,,,,,,,0.780192,0.779499999999999,0.737000000000009,0.832000000000008,1.55398844184294e-10,TRUE,TRUE,TRUE,TRUE,TRUE
"tvcqr",1,3,0.8,5000,500,2025,"unified_u11",500,500,500,0,0,0,0,0,0,52202,47634,0,1732279,1412909440,0,0,37.722,51,0.244504,0.244,0.228999999999999,0.268000000000001,2.6395811993169e-12,TRUE,TRUE,TRUE,TRUE,TRUE
"tvcqr",1,3,0.8,10000,500,2025,"direct_baseline",500,500,500,0,0,0,0,0,,,,,,,,,,,227.763226,227.7905,222.053,232.308,0,TRUE,TRUE,TRUE,TRUE,TRUE
"tvcqr",1,3,0.8,10000,500,2025,"lean_seq",500,500,500,0,0,0,0,0,,,,,,,,,,,3.288128,3.281,3.116,3.52799999999999,6.12421232522514e-11,TRUE,TRUE,TRUE,TRUE,TRUE
"tvcqr",1,3,0.8,10000,500,2025,"unified_u11",500,500,500,0,0,0,0,0,0,12372,12186,0,3717930,3939376016,0,0,58.366,75,0.804424,0.802500000000009,0.774999999999977,0.989,3.02108233169987e-12,TRUE,TRUE,TRUE,TRUE,TRUE
"tvcqr",2,4,0.2,1000,500,2025,"direct_baseline",500,500,500,0,0,0,0,0,,,,,,,,,,,3.995542,3.9795,3.776,4.655,0,TRUE,TRUE,TRUE,TRUE,TRUE
"tvcqr",2,4,0.2,1000,500,2025,"lean_seq",500,500,500,0,0,0,0,0,,,,,,,,,,,0.03798,0.038,0.0350000000000001,0.042,2.8363734896516e-11,TRUE,TRUE,TRUE,TRUE,TRUE
"tvcqr",2,4,0.2,1000,500,2025,"unified_u11",500,500,500,0,0,0,0,0,0,92411,73566,0,160576,187939243,0,0,32.828,46,0.024242,0.024,0.0219999999999994,0.029,2.00114033340003e-12,TRUE,TRUE,TRUE,TRUE,TRUE
"tvcqr",2,4,0.2,2000,500,2025,"direct_baseline",500,500,500,0,0,0,0,0,,,,,,,,,,,11.683496,11.677,10.999,12.819,0,TRUE,TRUE,TRUE,TRUE,TRUE
"tvcqr",2,4,0.2,2000,500,2025,"lean_seq",500,500,500,0,0,0,0,0,,,,,,,,,,,0.152446,0.152999999999999,0.143000000000001,0.168,2.17210170276891e-12,TRUE,TRUE,TRUE,TRUE,TRUE
"tvcqr",2,4,0.2,2000,500,2025,"unified_u11",500,500,500,0,0,0,0,0,0,27007,25930,0,356197,543397421,0,0,57.714,94,0.066358,0.0660000000000001,0.0639999999999999,0.077,1.14952603477624e-13,TRUE,TRUE,TRUE,TRUE,TRUE
"tvcqr",2,4,0.2,5000,500,2025,"direct_baseline",500,500,500,0,0,0,0,0,,,,,,,,,,,68.293994,68.2805,65.262,72.015,0,TRUE,TRUE,TRUE,TRUE,TRUE
"tvcqr",2,4,0.2,5000,500,2025,"lean_seq",500,500,500,0,0,0,0,0,,,,,,,,,,,0.976058,0.976999999999995,0.926000000000002,1.032,9.9977119572827e-12,TRUE,TRUE,TRUE,TRUE,TRUE
"tvcqr",2,4,0.2,5000,500,2025,"unified_u11",500,500,500,0,0,0,0,0,0,1242,1241,0,1033811,2533038345,0,0,132,225,0.325684,0.325,0.311,0.376999999999995,2.31477128444774e-13,TRUE,TRUE,TRUE,TRUE,TRUE
"tvcqr",2,4,0.2,10000,500,2025,"direct_baseline",500,500,500,0,0,0,0,0,,,,,,,,,,,247.94524,248.046,242.254,252.06,0,TRUE,TRUE,TRUE,TRUE,TRUE
"tvcqr",2,4,0.2,10000,500,2025,"lean_seq",500,500,500,0,0,0,0,0,,,,,,,,,,,4.101526,4.103,3.88,4.44300000000001,2.16366072876765e-11,TRUE,TRUE,TRUE,TRUE,TRUE
"tvcqr",2,4,0.2,10000,500,2025,"unified_u11",500,500,500,0,0,0,0,0,0,52,52,0,2326056,8143396058,0,0,246.044,357,1.121436,1.11700000000001,1.06399999999999,1.26000000000002,1.46054861448662e-13,TRUE,TRUE,TRUE,TRUE,TRUE
"tvcqr",2,4,0.5,1000,500,2025,"direct_baseline",500,500,500,0,0,0,0,0,,,,,,,,,,,4.075728,4.0555,3.831,4.693,0,TRUE,TRUE,TRUE,TRUE,TRUE
"tvcqr",2,4,0.5,1000,500,2025,"lean_seq",500,500,500,0,0,0,0,0,,,,,,,,,,,0.041504,0.0410000000000004,0.0389999999999997,0.048,6.7774290785538e-12,TRUE,TRUE,TRUE,TRUE,TRUE
"tvcqr",2,4,0.5,1000,500,2025,"unified_u11",500,500,500,0,0,0,0,0,0,70096,59911,0,115152,202833971,0,0,38.872,57,0.025646,0.0259999999999998,0.024,0.029,2.58749211643396e-13,TRUE,TRUE,TRUE,TRUE,TRUE
"tvcqr",2,4,0.5,2000,500,2025,"direct_baseline",500,500,500,0,0,0,0,0,,,,,,,,,,,12.029576,12.026,11.268,13.229,0,TRUE,TRUE,TRUE,TRUE,TRUE
"tvcqr",2,4,0.5,2000,500,2025,"lean_seq",500,500,500,0,0,0,0,0,,,,,,,,,,,0.16579,0.165999999999999,0.154999999999999,0.182,4.88163859081632e-11,TRUE,TRUE,TRUE,TRUE,TRUE
"tvcqr",2,4,0.5,2000,500,2025,"unified_u11",500,500,500,0,0,0,0,0,0,16745,16403,0,262666,608199894,0,0,69.112,107,0.073932,0.074,0.0709999999999997,0.0799999999999983,4.31220080708917e-13,TRUE,TRUE,TRUE,TRUE,TRUE
"tvcqr",2,4,0.5,5000,500,2025,"direct_baseline",500,500,500,0,0,0,0,0,,,,,,,,,,,71.627712,71.7125,68.995,75.926,0,TRUE,TRUE,TRUE,TRUE,TRUE
"tvcqr",2,4,0.5,5000,500,2025,"lean_seq",500,500,500,0,0,0,0,0,,,,,,,,,,,1.05061,1.05,0.997,1.114,5.89155399600098e-11,TRUE,TRUE,TRUE,TRUE,TRUE
"tvcqr",2,4,0.5,5000,500,2025,"unified_u11",500,500,500,0,0,0,0,0,0,459,459,0,787939,2944375162,0,0,161.43,259,0.381968,0.381,0.361,0.441999999999993,7.52798551307728e-13,TRUE,TRUE,TRUE,TRUE,TRUE
"tvcqr",2,4,0.5,10000,500,2025,"direct_baseline",500,500,500,0,0,0,0,0,,,,,,,,,,,265.663842,265.624,262.002,270.039,0,TRUE,TRUE,TRUE,TRUE,TRUE
"tvcqr",2,4,0.5,10000,500,2025,"lean_seq",500,500,500,0,0,0,0,0,,,,,,,,,,,4.378392,4.37899999999998,4.17000000000002,4.642,2.40188489453688e-11,TRUE,TRUE,TRUE,TRUE,TRUE
"tvcqr",2,4,0.5,10000,500,2025,"unified_u11",500,500,500,0,0,0,0,0,0,6,6,0,1831909,9620064846,0,0,302.726,439,1.34793,1.342,1.27199999999999,1.575,1.12469056970249e-13,TRUE,TRUE,TRUE,TRUE,TRUE
"tvcqr",2,4,0.8,1000,500,2025,"direct_baseline",500,500,500,0,0,0,0,0,,,,,,,,,,,4.06077,4.031,3.855,4.728,0,TRUE,TRUE,TRUE,TRUE,TRUE
"tvcqr",2,4,0.8,1000,500,2025,"lean_seq",500,500,500,0,0,0,0,0,,,,,,,,,,,0.038154,0.038,0.0349999999999993,0.043,3.64879468403671e-10,TRUE,TRUE,TRUE,TRUE,TRUE
"tvcqr",2,4,0.8,1000,500,2025,"unified_u11",500,500,500,0,0,0,0,0,0,85948,69205,0,162588,185295375,0,0,33.13,52,0.02396,0.024,0.0219999999999994,0.0380000000000003,5.80852553382001e-12,TRUE,TRUE,TRUE,TRUE,TRUE
"tvcqr",2,4,0.8,2000,500,2025,"direct_baseline",500,500,500,0,0,0,0,0,,,,,,,,,,,11.953422,11.9645,11.331,12.787,0,TRUE,TRUE,TRUE,TRUE,TRUE
"tvcqr",2,4,0.8,2000,500,2025,"lean_seq",500,500,500,0,0,0,0,0,,,,,,,,,,,0.15234,0.152000000000001,0.143000000000001,0.171000000000001,1.16509874588132e-10,TRUE,TRUE,TRUE,TRUE,TRUE
"tvcqr",2,4,0.8,2000,500,2025,"unified_u11",500,500,500,0,0,0,0,0,0,24779,23773,0,363507,536051731,0,0,58.118,87,0.066226,0.066,0.0629999999999988,0.093,2.14004310706785e-12,TRUE,TRUE,TRUE,TRUE,TRUE
"tvcqr",2,4,0.8,5000,500,2025,"direct_baseline",500,500,500,0,0,0,0,0,,,,,,,,,,,70.812242,70.966,67.021,73.51,0,TRUE,TRUE,TRUE,TRUE,TRUE
"tvcqr",2,4,0.8,5000,500,2025,"lean_seq",500,500,500,0,0,0,0,0,,,,,,,,,,,0.973098,0.972999999999999,0.925,1.027,4.79367841620347e-10,TRUE,TRUE,TRUE,TRUE,TRUE
"tvcqr",2,4,0.8,5000,500,2025,"unified_u11",500,500,500,0,0,0,0,0,0,1191,1190,0,1051796,2502775763,0,0,133.34,212,0.324626,0.323,0.305000000000007,0.426000000000002,7.12693333011008e-13,TRUE,TRUE,TRUE,TRUE,TRUE
"tvcqr",2,4,0.8,10000,500,2025,"direct_baseline",500,500,500,0,0,0,0,0,,,,,,,,,,,260.672816,260.6685,256.797,264.298,0,TRUE,TRUE,TRUE,TRUE,TRUE
"tvcqr",2,4,0.8,10000,500,2025,"lean_seq",500,500,500,0,0,0,0,0,,,,,,,,,,,4.084582,4.08,3.858,4.38600000000002,1.02499847779242e-10,TRUE,TRUE,TRUE,TRUE,TRUE
"tvcqr",2,4,0.8,10000,500,2025,"unified_u11",500,500,500,0,0,0,0,0,0,48,48,0,2365456,8027346419,0,0,246.898,354,1.117874,1.114,1.06300000000005,1.287,4.28072191891852e-12,TRUE,TRUE,TRUE,TRUE,TRUE
